row_index,y_true,y_pred,decision_score
0,0,0,-1.5867049431949654
1,0,1,0.8861861575637069
2,0,0,-1.052394582531691
3,0,1,0.5862494852458209
4,0,0,-1.6310212550162027
5,1,0,-0.16677533424708446
6,1,1,0.03605668599111794
7,0,0,-2.0117297147090376
8,0,1,1.29304144859494
9,0,1,0.050674439621532896
10,0,1,0.4944447394348091
11,0,0,-0.6694999381127021
12,0,0,-1.4135559323005658
13,1,1,0.964719246011571
14,0,0,-0.7377624727958683
15,0,1,0.07967898632890119
16,0,1,0.851617813334711
17,0,0,-1.1441245847493275
18,0,0,-0.33277845328002853
19,1,1,1.1039499434555624
20,1,1,0.9326019872087694
21,1,1,0.9269626021242157
22,1,0,-0.4499501204523409
23,0,1,1.184873340078281
24,0,0,-1.3301316875788258
25,1,0,-0.14036124589707494
26,0,1,1.0728368362114649
27,1,1,1.003021198420368
28,1,1,0.7436731009839066
29,1,1,1.3189953053150607
30,1,1,0.6946633001964393
31,0,1,1.3963617512868949
32,0,0,-0.4073793859522847
33,1,0,-0.07475978773157604
34,0,0,-0.5947909044587185
35,1,0,-0.26233078691740436
36,1,1,1.0028230668690903
37,1,1,1.1541733401124663
38,1,1,0.9366130587863919
39,1,1,0.27194657940505734
40,0,0,-0.6493693686546023
41,0,0,-0.33558898407638504
42,0,1,1.2289061214860642
43,1,1,0.8889598779921286
44,0,0,-0.07885371625008963
45,1,1,0.9916942125229631
46,0,0,-1.7470937651483986
47,1,1,0.39604947182106104
48,1,1,1.2521980099872898
49,0,0,-0.19760512946369435
50,0,0,-0.30858224319182587
51,0,0,-1.0183592091266613
52,1,1,0.9331145865689385
53,1,1,0.5446339130590176
54,0,1,0.37122974466342945
55,1,0,-0.3358418596760771
56,1,1,0.861596349734898
57,0,1,0.49162299207397747
58,1,1,0.7812773272623157
59,1,1,0.6649629905888874
60,1,0,-0.1250224138788812
61,0,0,-0.3806994283582795
62,1,1,1.1166894369015141
63,1,1,0.38027997548801246
64,1,1,1.111776522393917
65,1,1,0.45134236052133786
66,0,1,1.1184617643559
67,1,1,1.144927190383547
68,0,0,-0.7546791641070486
69,1,1,0.7448052078899403
70,1,0,-0.8340732281636063
71,1,1,0.4721420191216901
72,1,1,1.2156315370186486
73,1,1,1.6547175664532618
74,1,1,1.196058203734122
75,1,0,-0.053771928783709344
76,1,1,1.4065811081957125
77,0,1,1.353035958630526
78,1,1,1.4526717074368118
79,0,0,-0.0683088044757979
80,0,0,-0.861763548644287
81,1,1,0.9325880048758952
82,1,1,0.9402038133486299
83,0,1,0.7461162613220977
84,1,1,1.281495296008951
85,1,1,1.329597580537742
86,1,1,0.6536612597879321
87,1,1,0.6423820239584859
88,1,0,-0.6539262423387535
89,0,1,0.23434256005527615
90,1,1,1.1430616722089433
91,0,0,-0.35223438972011356
92,0,1,1.0661683915228855
93,0,1,1.1311734079040954
94,1,1,1.129708589045692
95,0,0,-0.6767144527325333
96,1,1,0.23112814544030164
97,0,1,1.105510058787225
98,0,0,-0.6413669884023794
99,1,1,1.2794441168035777
100,1,1,0.6592590119408985
101,0,0,-0.06622899941181049
102,0,0,-0.12358408129751292
103,1,0,-0.5552050107752651
104,1,1,1.1508994019300969
105,0,0,-1.0957379549940438
106,0,1,0.9900491306923689
107,1,1,0.2648296315844008
108,0,0,-1.1104943519869348
109,1,1,0.31322178291818176
110,0,1,1.2500950541215774
111,1,1,0.12863269631118973
112,1,1,1.269861871638184
113,0,1,0.11424600223779974
114,1,1,0.6312469334044049
115,0,0,-0.194094210263479
116,1,0,-1.022169908275602
117,0,0,-1.4655692707629546
118,0,0,-0.8775328677256558
119,1,1,0.8188749182650674
120,1,1,0.9194861313096603
121,1,1,0.549031243312466
122,1,1,0.998731449287531
123,1,1,0.21544306341056058
124,0,1,0.3090892709682172
125,1,1,0.6362772092540396
126,0,1,1.2182350150450016
127,0,0,-0.18559907908883877
128,0,0,-0.1782787906702023
129,0,0,-0.557870729252721
130,1,1,0.6768841462743529
131,0,1,0.5990813840054685
132,1,0,-0.905488415034774
133,1,1,0.5901808344536672
134,0,1,1.1892747173972391
135,0,0,-0.7690361243003794
136,0,0,-0.3942467365421073
137,1,0,-0.4603768307429675
138,0,1,0.6562975064384953
139,0,1,0.36786276948643454
140,0,0,-0.1824635114605876
141,1,1,0.6415150988603366
142,1,1,0.19623013039861464
143,0,1,0.12773999889687587
144,1,0,-0.10925212480800534
145,0,1,0.8934501139651914
146,0,0,-0.6257759330307695
147,1,1,0.7887621252877512
148,1,1,0.9041284643943026
149,1,1,0.6982226064482331
150,0,1,0.05966194357285587
151,1,0,-0.35353664558226894
152,1,1,1.1917409039132603
153,0,0,-0.8240857903117871
154,0,0,-1.3021655858678236
155,0,0,-0.6597637997010286
156,1,1,0.25549991070528194
157,0,0,-0.46873918851849394
158,1,0,-1.122945290430987
159,0,1,1.0796347397114345
160,1,1,1.0540764505304505
161,1,1,0.849616314010124
162,1,0,-0.9317943991665985
163,0,0,-1.4576648969327333
164,0,0,-1.0263330972402718
165,1,1,0.7866420972329384
166,1,1,0.5724984901448256
167,0,1,0.9217663401581206
168,1,0,-0.09940067229403421
169,1,0,-0.0001640176550121164
170,0,1,0.4785287624481434
171,1,0,-0.5575155279263064
172,0,1,0.9021831803691358
173,0,1,1.0278638682223193
174,1,1,0.8970305700857955
175,0,0,-1.6381295481284137
176,0,0,-1.0822725846156538
177,1,1,0.9084898976812601
178,1,0,-1.0805659541342953
179,0,0,-0.6037024880616871
180,0,0,-1.1201156580148985
181,0,0,-0.5431815613451665
182,1,0,-1.0899231664549833
183,0,1,1.3011728855819973
184,0,0,-0.5110673633176288
185,0,0,-0.9223847288828022
186,1,1,1.1751969965937874
187,1,1,0.6613892889960573
188,1,1,1.141866883205386
189,1,1,0.12780708910871535
190,1,1,1.0321780675589738
191,1,1,0.49396032470698875
192,0,1,0.3932137049077196
193,1,1,0.4643111981697737
194,1,1,1.0205103616412106
195,0,0,-0.8968877151596517
196,0,1,0.7248489854796265
197,0,0,-0.8417496011333692
198,1,0,-0.04669792949696322
199,0,0,-0.6516847852183595
200,1,1,0.9814990320398755
201,0,0,-0.6463904524487829
202,0,0,-1.119903211705447
203,1,1,0.17094960272409648
204,1,0,-1.3065013607101248
205,1,1,0.738591002899353
206,1,1,0.7008194239861696
207,0,1,0.48689756479155216
208,1,1,0.06863171127902351
209,1,0,-0.4674666927098378
210,1,1,0.4313651268115117
211,1,1,0.45662327771848227
212,0,1,0.889740096432494
213,1,1,0.40552632729790333
214,1,0,-0.8089594486220135
215,0,0,-0.7277104533572232
216,1,1,0.26814479900017124
217,1,1,0.5477758910894295
218,1,0,-0.4205023342855655
219,0,0,-1.5343377632129174
220,1,1,0.7742842266314289
221,1,1,1.3196418608566463
222,1,1,1.1561367486716128
223,0,0,-1.7903679374046937
224,1,1,0.2613338505058976
225,1,1,1.2552942142254335
226,0,0,-1.1688532657005066
227,1,1,0.9403831680734824
228,1,1,0.025738837505169143
229,1,1,0.7642222698997629
230,1,0,-0.5693655925314614
231,1,1,1.000203518928768
232,1,0,-0.6768246339138495
233,1,1,0.22512959759093648
234,0,1,0.21212425089392356
235,0,1,0.7165132490903134
236,1,0,-0.6180037811281061
237,0,1,0.2962670627622334
238,0,0,-1.4207447313854062
239,0,0,-0.2550692672079329
240,0,1,0.32285872868090587
241,1,1,0.9237096905394322
242,0,0,-1.2543358515297984
243,1,0,-0.28536273600080303
244,0,0,-1.0565095201591175
245,0,0,-0.43479427552005934
246,1,0,-1.1794716621388748
247,1,1,0.18620457798178808
248,0,0,-1.0354618501232757
249,0,0,-0.8658608014611642
250,1,0,-0.90957779585455
251,0,0,-1.2270542763454308
252,1,1,0.6712897782827345
253,1,1,0.929576293027482
254,0,1,1.3835044889579118
255,0,0,-0.015576786782131036
256,1,1,0.6335043631239758
257,0,0,-0.6560624986104209
258,1,1,0.07862256064306089
259,1,1,0.7400022100376176
260,1,1,1.0920021179494734
261,1,1,0.39416792781276316
262,0,1,1.3169092432440395
263,0,0,-0.4900743756965204
264,1,1,0.348843196944514
265,0,0,-0.3767106460518662
266,0,1,0.6605733676560521
267,0,1,1.0513416862525875
268,0,1,0.8429674552730053
269,1,0,-0.7911775229028647
270,1,0,-0.9431055704373474
271,0,1,1.391641269872946
272,0,1,0.9097719039064838
273,0,0,-0.8644157999397666
274,1,1,0.12038735674329143
275,1,1,0.6841807590466789
276,0,1,0.32920040470992945
277,0,0,-0.577819279146518
278,0,1,1.0303607932152692
279,1,1,0.5955584593973895
280,1,1,1.10946247616129
281,1,1,0.9177367176387092
282,0,0,-0.17027551035567157
283,1,0,-0.5593591408435278
284,0,1,1.3065060068847965
285,0,0,-1.2738043949072149
286,1,0,-0.851445493167639
287,0,0,-1.0386495988587667
288,0,0,-1.7187104721787927
289,0,0,-1.2231581693558236
290,0,0,-0.08394104845962586
291,1,1,0.19468505880070958
292,1,1,1.092036519797164
293,0,0,-0.6565959742888257
294,0,0,-0.3028265395039502
295,1,1,0.29546033281765866
296,0,0,-0.689902892625327
297,0,0,-0.3991183827278943
298,1,1,0.3212512045440103
299,1,1,0.978580578521745
300,0,0,-0.3458471200531464
301,0,0,-0.6995506914623251
302,1,0,-0.6382961605532386
303,0,0,-2.055886485204281
304,1,1,0.08554888745648975
305,0,1,0.8588659025568524
306,1,0,-0.5954553197595958
307,1,1,0.028170729578843312
308,0,1,0.8678698058976186
309,1,1,0.5282143662013561
310,0,1,0.7437617289444216
311,1,1,0.03948341626832447
312,1,1,1.1784225088867426
313,0,1,0.11046971049676574
314,1,1,0.8193647649172777
315,1,0,-0.9984430127710244
316,0,1,1.0084561460247232
317,1,0,-0.6397366303292483
318,0,0,-1.181949819578608
319,0,1,0.18806101127842473
320,0,0,-0.6331573766716688
321,1,1,1.303522684109619
322,1,1,0.8539368549439159
323,1,1,1.1245140203901065
324,0,0,-0.8960095817518685
325,1,1,1.0887549953091666
326,1,1,1.1547281052142657
327,0,0,-0.9469914746790835
328,1,1,0.9627988715291949
329,0,1,0.969167754911461
330,1,1,0.9473261329886797
331,0,1,0.33658318836097406
332,1,1,0.3285248760368377
333,0,1,0.5899018034180039
334,0,0,-1.0023696269361375
335,0,1,0.12160160436921935
336,1,0,-1.0864125314378454
337,1,1,1.0119780606843851
338,1,1,0.3534151386525212
339,1,1,0.9433003721535254
340,1,0,-1.0627284613093277
341,0,1,0.019245636962717583
342,0,0,-0.2748324943149807
343,1,1,1.4439192447780578
344,0,1,1.0139878024845048
345,1,0,-0.5513029820385738
346,0,0,-0.9652694383683982
347,1,1,1.0062609742363338
348,0,1,0.376115936831755
349,1,1,0.8155844589302819
350,1,1,1.1056343832287665
351,0,0,-1.0576696907811123
352,1,0,-1.527518475257815
353,1,0,-0.6163043128379782
354,1,1,1.2515031929872844
355,0,0,-0.30061091920614574
356,1,1,0.42325558897429233
357,0,1,0.6846496486323239
358,0,0,-0.02178639292051271
359,0,1,0.6630485947644418
360,0,0,-0.6179504160980462
361,1,1,1.2513202870766984
362,1,1,1.097584800881242
363,0,0,-1.0237367973137232
364,0,1,1.043446555039556
365,0,1,0.9259370427847946
366,1,1,1.1112616528313533
367,0,1,1.091205266304436
368,1,0,-0.5887739625141859
369,1,1,0.9474786833625288
370,0,0,-1.249186097064929
371,0,1,0.224919646957988
372,1,1,0.75904419905759
373,1,1,1.0299796485479793
374,0,0,-1.0259337921555376
375,0,0,-1.4284022585647238
376,0,0,-0.3628083346057154
377,1,1,0.4825098122477344
378,0,0,-1.085374010276362
379,0,1,0.6585120278133383
380,0,0,-1.3088094514231179
381,0,0,-1.3687865671167452
382,0,0,-0.669132383376452
383,1,1,0.5057389186237546
384,1,0,-0.5471278912420084
385,0,0,-0.40294851354378
386,1,1,0.8392672694296417
387,0,1,0.8105497293157342
388,1,1,1.4548895670581712
389,1,1,1.0596535770318338
390,0,0,-0.6548888844334253
391,1,1,1.0601971112211659
392,0,1,0.06722261894262321
393,1,0,-0.716255210029995
394,0,0,-1.1866933342024188
395,1,1,0.599768209907134
396,0,0,-0.36667387810581276
397,1,0,-0.3524280629962588
398,1,0,-0.06168167982365447
399,1,0,-1.0857249698148739
400,0,1,0.06651095303077575
401,0,1,0.43101620708030935
402,0,0,-1.045853756493831
403,0,0,-0.04797444493939096
404,1,1,0.6355272706525603
405,0,0,-0.8656764943536672
406,0,0,-0.3968899482601435
407,1,1,0.6470186900212374
408,1,1,1.0067075667382992
409,0,1,0.9830379631949144
410,0,0,-0.6768696707185692
411,0,0,-1.3908480468387279
412,0,0,-0.16597286936787276
413,1,1,1.0353810363045324
414,0,1,0.2094361254892419
415,1,1,1.3106711531921622
416,1,1,1.1712477357297248
417,1,1,1.1027406120355496
418,0,0,-0.7300683966299333
419,1,1,0.39889580121409746
420,0,0,-0.3907637500967238
421,1,1,0.5078850446957632
422,1,1,1.2318681448214466
423,1,1,1.109228267960936
424,0,1,1.0356488810062932
425,0,1,0.8513346595246665
426,0,0,-1.0817733727724608
427,0,1,0.05476213601333285
428,0,0,-0.5170328850020671
429,0,0,-0.5626454479322033
430,1,1,0.6673609621270551
431,1,0,-0.5294944700570094
432,0,0,-1.5145037373641062
433,1,1,0.7532523359931678
434,0,0,-0.9348299279756622
435,1,0,-0.665604024122622
436,0,0,-1.1391935283505266
437,0,0,-1.5696696025556172
438,1,1,1.2390164373793309
439,1,0,-0.0014757065601158081
440,0,1,0.26381899691383653
441,1,1,1.0183180546801003
442,0,0,-1.2818769616025367
443,1,1,1.153587461687507
444,1,1,1.4980920464295158
445,0,1,0.6443145067907068
446,1,1,0.7191267285810568
447,1,1,0.5022219521254649
448,0,0,-0.8428844032632434
449,1,1,0.5519383558621667
450,1,1,0.9578623998378635
451,1,0,-0.7413792348324044
452,1,1,0.5775973128967105
453,1,1,0.45710277458212717
454,1,1,0.5919403463511821
455,0,0,-0.3248394970929197
456,0,1,0.23393443640977135
457,1,0,-0.22789634692613242
458,0,0,-1.190312892721353
459,1,1,0.8274243934015719
460,1,0,-0.36721817279302876
461,0,1,0.3468981698408949
462,0,0,-1.3273245642967402
463,0,0,-0.23698447074491094
464,1,1,0.20879819762376145
465,1,1,0.44706416545620115
466,1,1,0.9617363277855606
467,1,1,0.05684137544805029
468,1,1,0.7769529059212887
469,1,1,1.2513674442250282
470,1,1,0.8086328700172241
471,1,1,1.1835878321749307
472,0,0,-0.8369202991780698
473,1,1,0.030056151591068836
474,1,0,-0.2955675258887191
475,1,1,1.5979791026616694
476,1,0,-0.5091845358160256
477,0,0,-0.32922187073385767
478,1,0,-1.076894869365678
479,1,1,0.8832910851698657
480,1,1,1.1090656127368044
481,0,0,-0.2359154486124081
482,1,1,0.07202316545356419
483,1,1,0.4852189792430684
484,1,0,-0.20847082868182487
485,0,0,-0.42521660370443204
486,0,1,0.8347518533361526
487,0,0,-0.5785733731707343
488,1,0,-0.1423291961883742
489,1,1,1.3527775829158617
490,0,0,-1.330397306626519
491,1,1,1.123629769533601
492,0,0,-1.329400947109162
493,1,0,-0.6321762432730703
494,1,1,0.2804600460467295
495,0,0,-0.5736123707240842
496,1,0,-1.2485962255202085
497,1,1,0.09035062831754542
498,1,1,1.4493669043817654
499,1,1,1.5675790454940501
500,1,1,0.7232492238350141
501,1,1,0.6429960180257988
502,0,0,-1.1358819898706036
503,0,0,-1.2493573986806221
504,1,0,-0.9495900408457061
505,0,1,0.6623690650671907
506,1,1,1.13608960666637
507,0,0,-0.09347418857053724
508,0,0,-1.4604266031171207
509,0,0,-2.091621412962247
510,0,0,-0.3809801144278069
511,0,1,0.226285585736189
512,1,1,0.10884536194924671
513,1,0,-0.48198409624137784
514,0,0,-0.597459027436938
515,0,0,-1.1204323900581623
516,1,0,-0.10798432104057182
517,0,0,-0.8148140360409679
518,1,1,1.1908664132151645
519,1,1,1.0291676990111045
520,1,1,1.1498010797595206
521,0,0,-0.5750984414741355
522,1,1,0.8843648568419047
523,1,1,0.17414451932248914
524,0,0,-1.2471374685463699
525,0,0,-1.6364976628935493
526,0,1,0.9450579424049088
527,0,0,-0.015904253926183554
528,1,1,1.1238145598028366
529,0,0,-0.4293820025516077
530,1,0,-1.4928814787575768
531,1,0,-0.6193909887983631
532,1,1,0.7271458489168741
533,0,0,-0.7941964369789385
534,1,1,0.8145637802576391
535,0,1,0.27411324584151836
536,0,0,-0.7696031119932885
537,1,0,-1.2518540921105588
538,1,1,1.5239819953894622
539,0,0,-1.3302192743215222
540,1,1,1.4502010918235981
541,1,1,1.2322138315286117
542,0,1,0.19215483269379824
543,0,1,0.173490284643876
544,1,1,1.1687216376382232
545,0,0,-0.33083529816745844
546,0,0,-0.5452931760224207
547,1,1,0.8763435774821859
548,0,0,-0.912960534392547
549,0,1,0.851939318016415
550,0,0,-1.4592733298994756
551,0,0,-1.2388999740208857
552,1,1,0.018844877393064008
553,1,0,-1.4492044958395995
554,1,1,0.534448560659132
555,1,1,0.11883289808730574
556,1,1,0.9751979011174652
557,1,1,0.1972437986044286
558,0,0,-0.6818845329067068
559,1,0,-0.4046746434594947
560,0,0,-1.2079888560837517
561,1,1,1.075401695524642
562,0,1,0.1449028177834359
563,1,1,1.0777944788016331
564,0,0,-1.070708739141203
565,1,1,1.1519998556208537
566,0,1,0.6380967322758275
567,0,1,0.5071768743839047
568,0,0,-1.2380227898426692
569,1,0,-0.8683826181703862
570,1,1,0.16311988115657466
571,0,0,-0.9490629992456945
572,1,1,0.36034074485330664
573,1,1,0.8433715013982028
574,1,1,0.3247107289651992
575,1,1,1.2634096556851235
576,1,0,-0.7570713157935334
577,1,0,-0.26666214205213845
578,0,0,-0.031024501095003543
579,1,1,0.4071879615419471
580,1,1,0.8484060786455498
581,0,0,-1.4360704574322574
582,1,1,0.4416148379533838
583,1,1,0.260112795971508
584,1,1,1.05631606220508
585,1,1,1.4680885272719946
586,0,1,0.23209530233927905
587,1,0,-1.2798361939633494
588,1,1,1.304393616734421
589,1,1,1.1036238694652294
590,0,0,-1.199629951358378
591,1,0,-0.24978056876192928
592,1,1,1.101127070347456
593,1,1,0.7873210238892394
594,0,1,1.2395784545016157
595,1,0,-0.9747470145487129
596,1,0,-0.513199638198301
597,0,0,-0.6394475968043694
598,0,1,0.7315677534927798
599,0,0,-1.109359517657753
600,1,1,0.772574303536256
601,0,0,-1.303062803106576
602,1,1,1.122748607085206
603,1,1,0.5351397621314011
604,0,0,-1.6505276044903587
605,0,0,-0.9707155434927768
606,1,0,-1.2009552106579024
607,1,0,-0.24004510950247787
608,0,1,0.4309748234019363
609,0,1,1.1996814046373725
610,0,0,-0.023019680659931485
611,1,1,0.6291989488792564
612,1,1,1.1383827387725067
613,1,0,-1.0098192996114461
614,0,0,-1.1121467713893642
615,0,0,-1.1023366132608425
616,0,0,-0.9252419436705266
617,1,1,1.331552696088094
618,1,1,1.0154133422343776
619,0,0,-0.6307846904875359
620,0,1,0.3824438138874717
621,1,1,1.023588006265979
622,0,1,1.3262347721479726
623,0,1,0.913022800519224
624,1,1,0.08918918727151398
625,1,1,1.013987333276293
626,0,0,-0.9413276153285266
627,1,0,-0.3261879733784872
628,1,1,0.08815143127148889
629,1,1,0.8653337136035641
630,1,1,1.2979061622197705
631,1,1,0.9822290211533071
632,1,1,1.1944367666794107
633,1,1,1.2305810491694498
634,0,0,-1.0093327998635777
635,1,0,-0.27138700526233517
636,1,1,0.04973808742031188
637,0,1,0.5127563530222257
638,0,1,0.4791619802510612
639,1,1,0.1986768354169302
640,1,1,0.6990959140969348
641,1,1,0.17499823904433048
642,1,1,1.473676348176693
643,0,0,-0.8446124421475485
644,1,1,1.1857199340586162
645,1,1,1.2320935001641002
646,1,1,0.25773609272211645
647,0,0,-1.0051567990068382
648,1,1,0.9953758106686765
649,0,0,-0.707280927270759
650,1,1,0.6993543203820889
651,0,1,1.0764371226852614
652,0,1,1.06578273126817
653,1,1,1.1641230407604695
654,0,1,0.4032232517764674
655,1,1,0.44897455801654446
656,0,0,-1.5403929707885313
657,0,1,1.0192688768899159
658,1,0,-1.1742051007133674
659,1,1,0.970658130335059
660,0,0,-0.41297664764561914
661,1,1,1.0873099373470585
662,1,1,1.0656407926050762
663,0,0,-0.1192000209464873
664,1,1,1.116081868781589
665,0,0,-0.4962332400250416
666,1,1,0.7313275306104223
667,1,1,0.9956646982289865
668,1,1,1.0241095026776041
669,0,0,-1.3736393203107402
670,0,1,0.16232097305542098
671,1,1,1.027668425743621
672,0,0,-0.4242669883719903
673,0,1,0.4082945229888267
674,0,0,-0.7571015285435867
675,1,1,1.0348112731402397
676,1,1,0.8210515175099191
677,0,0,-0.27155829014356325
678,0,0,-1.2847637516309809
679,1,0,-1.5365415509503684
680,1,1,1.346449843299304
681,1,1,1.3676047675901182
682,0,1,0.4800663336686915
683,0,0,-0.9879891485320804
684,0,1,0.33069036873645147
685,1,0,-0.9391665280751063
686,0,1,0.2872633740854997
687,0,0,-1.255191060543852
688,0,0,-0.46108688525307906
689,0,0,-0.15115675004436863
690,1,1,1.2996897061969308
691,1,0,-0.3559352542814129
692,0,0,-0.9345504937643797
693,1,1,0.7776095356279733
694,0,1,0.05920609512269254
695,1,1,1.1184014601197763
696,0,0,-0.9464496442331771
697,0,1,0.9215207710383768
698,1,1,0.09789860848299042
699,0,0,-0.34800946414828504
700,0,1,1.3034835270723029
701,0,1,0.25668586808293176
702,1,1,0.36566538275196353
703,0,0,-0.6844129573544562
704,0,1,0.5700278233057428
705,0,0,-0.7665044756916024
706,0,0,-0.429989476892107
707,0,0,-1.6186030177212969
708,1,1,0.7771877376644372
709,1,1,0.7662045947061602
710,0,0,-0.9928771677800319
711,0,0,-0.33509500149092686
712,1,1,1.3202123363923635
713,1,1,1.2574311224401438
714,1,1,0.0762254502560274
715,0,0,-0.9563041320883379
716,1,0,-0.9082128726824601
717,1,1,1.128102574808961
718,1,1,1.0128772579605925
719,0,1,1.2200990746195899
720,0,0,-0.8379088195908208
721,1,1,1.1305539862904213
722,1,1,1.0272552055705932
723,1,1,1.0953122641922284
724,0,1,0.9566160058891209
725,1,0,-1.3739878948445674
726,1,1,0.36186485854667655
727,1,1,1.1587560300750517
728,0,0,-1.394615653607771
729,1,1,0.10697453582284905
730,0,0,-0.9143791023977701
731,1,1,1.4419452198594112
732,0,0,-0.7863927541798279
733,0,0,-1.8249688743381998
734,1,0,-1.1055141445325785
735,1,0,-1.1781893846333837
736,0,0,-1.1347095401535374
737,0,1,0.12520358302679196
738,1,0,-1.7143141769148287
739,1,1,0.6433732654839841
740,0,0,-1.121509362701602
741,1,1,1.0331240464063713
742,0,0,-0.7772382844836319
743,1,1,0.4116826990205194
744,1,1,1.2894684379854708
745,1,1,0.6796476731867509
746,1,1,1.4453881540174711
747,1,1,0.650175134752607
748,0,1,0.5366711263675201
749,1,1,1.1851424493713378
750,0,0,-0.9829301540769688
751,1,1,1.4455772113110381
752,1,0,-0.5762756853918554
753,1,1,0.019115798884176638
754,0,1,0.2660160890713545
755,0,1,0.26378095834232257
756,1,0,-1.3104745359814984
757,1,1,1.092433626735771
758,1,1,1.0947884667523615
759,1,1,0.08129527050022706
760,1,0,-1.5658800905456598
761,1,1,0.2219022247458416
762,0,0,-0.764188442272888
763,0,1,0.8391387320243016
764,1,1,0.9373856976925825
765,0,1,0.4501220977395694
766,0,0,-1.1512240641923548
767,0,0,-1.2200719800079398
768,0,0,-0.10085523593212015
769,0,1,0.15713310218465099
770,0,0,-0.8720435661952248
771,1,1,0.4545884808084197
772,0,1,0.7608986580582937
773,1,0,-0.7424075210143952
774,1,1,1.4421735904776545
775,1,1,1.4422261909301124
776,1,1,1.3465266545645824
777,1,1,0.95353144838108
778,1,1,1.1953776890231393
779,1,0,-0.07959363258178026
780,0,0,-0.35319252747292934
781,0,0,-0.8926313312699711
782,0,1,1.2245633722553657
783,1,0,-0.9592568155554513
784,1,1,1.2630143431208984
785,1,1,1.0211045116202841
786,1,0,-0.2092749420361127
787,0,1,0.8828840491520886
788,0,0,-1.2473450293877808
789,1,1,0.1503020640069485
790,1,0,-1.0382122137666132
791,1,1,0.6360159307930608
792,1,1,0.49660794737951114
793,1,0,-0.8540576812632794
794,1,1,0.16142202367603514
795,1,1,0.755999074142879
796,0,0,-0.8865289857693146
797,1,0,-0.13747540788008966
798,1,1,0.9903309172355839
799,0,0,-0.8341112907355233
800,0,0,-1.4104035229074758
801,1,1,0.9584720369305859
802,0,0,-1.3209456483001791
803,1,1,0.9869571108448234
804,1,1,0.3853551087745694
805,1,1,1.2487315195900064
806,0,1,1.0889429742094243
807,0,1,0.1271642735399961
808,1,0,-0.7407948764283907
809,1,1,0.6192334301439284
810,0,0,-0.7168861862928537
811,0,1,1.166308045546959
812,0,0,-0.813470830874705
813,0,0,-1.6346841441696727
814,0,1,1.363239820987617
815,0,0,-0.9532536049064515
816,1,1,1.1976860854080418
817,0,1,0.8014147380859593
818,1,1,1.2414718202934356
819,1,0,-0.6886362538414483
820,0,0,-0.7430203340862933
821,1,0,-0.07225842861440018
822,1,0,-0.03944497804383296
823,0,1,0.4878392282405371
824,1,1,1.0309582454331805
825,0,1,0.26185037778825354
826,0,0,-0.6486195150137404
827,1,1,1.3678309479773063
828,1,1,0.8448922752090522
829,0,1,0.08404646813997246
830,1,0,-0.6819097082280337
831,0,0,-0.5585876319399214
832,1,1,0.03664282155198101
833,1,0,-1.0280833435189012
834,0,0,-0.32964292226076464
835,0,0,-0.8777407864890138
836,0,1,0.28146364884619884
837,0,0,-1.118087613399408
838,1,1,0.906776353296223
839,1,1,1.1041414980950035
840,1,1,0.18151575248625168
841,1,1,0.8213114790867344
842,1,1,1.2349420591082159
843,1,0,-0.5243701411176401
844,1,0,-0.9579162544600932
845,1,0,-0.7778856934077507
846,0,0,-0.20395716996604546
847,1,1,0.21083928667362434
848,0,1,1.0262264644055636
849,0,1,1.1294168519495063
850,0,1,1.0392244804909714
851,0,0,-0.7408520778766556
852,1,0,-0.40618370474533805
853,1,0,-0.5716589047941458
854,0,0,-0.4160135613318877
855,0,0,-1.381736634713144
856,0,1,0.3544783269051008
857,1,0,-0.007199877916840236
858,0,1,0.4121875134709159
859,0,1,0.6109737922753056
860,1,1,1.1806740680532792
861,1,1,0.8539326096934576
862,0,0,-1.241797634198006
863,1,1,0.06917311338768678
864,1,1,0.038834075040883376
865,1,1,0.35952047546049754
866,1,0,-0.10482230872497628
867,1,0,-0.29030591502620695
868,1,0,-0.41295473492502816
869,1,1,1.272168922923921
870,0,1,0.8896436281346456
871,0,0,-0.8277249898061445
872,1,1,0.12272488601377857
873,0,0,-1.387387196913417
874,1,1,0.5595039309817227
875,0,1,0.8346997688818387
876,1,0,-0.13512748863763957
877,1,0,-0.026388551027974605
878,1,1,1.3311176806562774
879,0,0,-1.0790923079800732
880,0,0,-0.5652064276295805
881,1,1,0.4250336034021753
882,1,0,-0.5057388639607632
883,1,1,0.380453726213728
884,1,1,0.4318109273959702
885,0,0,-0.2934637543917727
886,0,0,-0.09822245831927784
887,1,0,-0.5308581449930352
888,1,1,0.5523168223601551
889,0,1,0.5379279347381727
890,0,1,1.0295131184816186
891,1,1,1.271757780546818
892,0,0,-0.21104297567003955
893,1,0,-1.3511280004486195
894,1,1,1.0907561570941775
895,1,1,0.5349118463306533
896,1,0,-0.4770376321071982
897,1,1,0.6199048526928643
898,0,0,-0.7253871369209834
899,1,1,0.5971674840865886
900,1,1,0.06150779437187953
901,0,0,-0.9483078321072315
902,0,1,0.039121502123434404
903,1,0,-0.4596896580162596
904,0,1,0.31595732803408955
905,0,0,-0.29266492053623233
906,0,1,0.26730089858606126
907,1,1,1.8188155486998667
908,0,0,-0.44031918249180757
909,1,0,-1.344726316951762
910,1,1,0.03846835704202528
911,1,1,0.7796097061588227
912,1,1,0.5767587714387776
913,0,1,0.13213581423245796
914,1,1,1.2923501160916864
915,0,0,-1.097251932559548
916,1,1,0.8849637460447994
917,1,0,-1.2747260836475747
918,0,0,-1.0801724811475577
919,1,0,-0.5342018505374226
920,1,0,-0.401225096358258
921,0,0,-0.69625897958135
922,0,0,-1.2655314801708266
923,1,1,1.5707519292945222
924,0,1,0.829682761772568
925,1,0,-0.5408158602581745
926,0,0,-1.558713963181349
927,0,0,-0.43800233396458726
928,1,1,1.117322650664157
929,0,1,0.16910672712073233
930,1,1,0.5127337405657748
931,0,1,0.5889477312276394
932,1,1,1.3572288295424506
933,0,0,-0.2242705844333279
934,0,1,1.0112373421150118
935,0,1,1.1715112620387518
936,1,1,0.7666448588322112
937,0,0,-0.5969764833844315
938,1,0,-0.21038430448274387
939,0,1,0.7149606359681986
940,1,0,-0.08610467532997806
941,0,0,-1.3167762302480315
942,0,0,-1.0604644244404795
943,1,0,-0.050445614778606596
944,0,0,-0.9095599004916858
945,0,0,-0.2823542743201092
946,1,0,-0.2429933515637586
947,0,1,0.7700188171456512
948,1,1,1.0898979348221616
949,0,0,-0.32484054298508946
950,0,0,-0.4785135609789358
951,0,0,-0.9627220288261222
952,0,0,-0.28378397222693813
953,0,0,-0.6550164807420105
954,0,0,-1.463341975552579
955,1,1,1.1306436688386283
956,1,1,0.998976755159148
957,0,1,1.186906889585332
958,0,1,0.42939138957059536
959,1,1,1.3895480134463902
960,0,0,-0.2705269087471099
961,1,1,1.0233147480271678
962,1,1,0.7581084608853459
963,0,0,-1.724159613109077
964,0,0,-0.4791360931300119
965,1,1,1.268790665257542
966,1,1,1.146293634543917
967,1,1,0.28780388755600644
968,1,1,0.4354597391861967
969,1,0,-0.538199833635331
970,0,0,-0.4426432874077544
971,0,0,-0.9953639367996507
972,0,0,-0.8868508086379516
973,0,0,-0.8632124494850588
974,1,0,-0.20756937139873927
975,1,1,0.45312872471972715
976,1,0,-0.19760066662603654
977,0,0,-1.151478247206402
978,0,1,0.18411263408264605
979,0,1,0.0640787117702169
980,1,1,0.8347689432590366
981,1,1,0.5327834127406501
982,0,0,-0.14753602271247696
983,0,1,0.10610060857080933
984,0,0,-0.3756625480837644
985,1,1,1.21120560006456
986,0,0,-0.3806452276270116
987,0,0,-0.2665732448693316
988,1,0,-0.2183707597702365
989,1,0,-0.04457432268460698
990,1,1,1.1945990771968429
991,0,0,-0.537851873735278
992,0,0,-0.5465166310523926
993,0,0,-0.002276716716574423
994,1,1,0.7034408726357797
995,0,1,1.3344463339069206
996,0,1,1.0301222359467126
997,0,0,-0.03698582383962856
998,0,1,0.3560568251711929
999,0,0,-1.2651617688850134
1000,0,0,-1.2374971981185448
1001,1,1,0.8942117504216602
1002,0,1,0.6387525471588262
1003,0,0,-0.9733798981384494
1004,0,0,-0.961259297618074
1005,0,0,-0.5504190049463034
1006,0,0,-1.297387031478085
1007,1,1,1.1751502539814986
1008,1,1,0.1077356569724594
1009,0,1,1.013685647497861
1010,0,1,0.294929007143594
1011,0,0,-0.8918713686894932
1012,0,0,-0.2405028047286284
1013,1,0,-1.5494773919654015
1014,0,1,0.9176373083302534
1015,0,0,-1.0406887975123538
1016,0,1,1.178907413692143
1017,1,1,0.37364490745174733
1018,1,1,0.37641717241348444
1019,1,0,-0.4493089318759726
1020,1,1,0.9354420162899071
1021,1,1,1.050037725966702
1022,1,1,0.9003826859362698
1023,1,1,1.1388410638822375
1024,0,0,-0.3887369763773302
1025,0,0,-0.4320764612959078
1026,0,0,-0.6887490906966108
1027,0,0,-0.057338748794976635
1028,1,1,0.33722980805940145
1029,0,0,-0.6247818391096037
1030,1,1,1.3023285369969468
1031,0,1,0.9265319210907075
1032,1,0,-0.23125727498869664
1033,1,0,-0.05973092650556738
1034,0,1,1.0155093025022364
1035,1,1,0.9620126206164676
1036,1,1,0.9249506673666437
1037,1,1,0.6113014339560274
1038,1,1,1.0383946360749174
1039,0,0,-0.8459045686158017
1040,1,1,0.13644637431757195
1041,0,0,-1.1288478205191754
1042,1,0,-0.7545991837782031
1043,1,1,0.8243380025727645
1044,1,1,0.11884787500734434
1045,0,1,0.7332449756781525
1046,0,0,-0.6399451410893212
1047,1,1,1.561803766920312
1048,0,0,-0.9019163856480319
1049,1,0,-0.6380107752818589
1050,1,1,0.3656262616517388
1051,0,0,-0.6707215807640451
1052,1,1,0.866215672891457
1053,0,1,0.38452303906092594
1054,0,0,-1.2926492424976779
1055,0,0,-0.09264308732245147
1056,1,1,0.9399691902466596
1057,1,0,-0.0020676601627174773
1058,1,1,0.26534085665290746
1059,1,1,0.22114724664604252
1060,0,1,0.07762776309288516
1061,1,1,0.2113258143603663
1062,1,1,1.0613373669206072
1063,1,0,-0.4288515794753897
1064,0,1,1.2235144836593483
1065,1,1,0.48707635477412997
1066,0,0,-0.8476368501706439
1067,1,1,0.7960858199625607
1068,1,1,0.9604464600990572
1069,0,0,-0.1340962238850072
1070,0,1,0.0396046446535781
1071,1,1,1.1272621889128704
1072,0,0,-1.3722714139166854
1073,0,0,-0.729930159337056
1074,0,0,-0.5114686164501108
1075,1,1,1.1038919014728874
1076,1,1,0.1858727553134923
1077,0,0,-0.9854395006000793
1078,1,1,0.5177160535320116
1079,1,0,-1.2753144875924354
1080,1,1,0.4060578851203039
1081,1,1,0.014190433011035342
1082,0,0,-1.561610417106717
1083,1,1,0.06767851294921307
1084,0,1,0.22263293718525873
1085,1,1,0.14397426151058684
1086,1,1,1.1069246946549183
1087,0,0,-0.7821796336208932
1088,0,0,-1.459834912502868
1089,1,0,-1.075706928236733
1090,0,1,0.6476298913012977
1091,1,1,0.438378132661466
1092,1,0,-1.086534381062937
1093,1,1,1.0386522970147576
1094,1,0,-0.8008909208034904
1095,0,1,0.059538798357381795
1096,1,1,1.2148142446242798
1097,0,0,-0.05019191425658559
1098,1,0,-1.0527664215952965
1099,1,0,-0.41309598022696375
1100,0,0,-0.6574763281855145
1101,1,0,-0.10880809236839106
1102,1,1,1.2138088001779157
1103,1,1,0.2911510949316161
1104,0,1,1.3144120931903693
1105,0,1,0.38646825449152217
1106,0,1,1.3555022648068153
1107,1,1,1.4304053451790617
1108,1,1,1.0457795669127228
1109,0,1,0.14588595524500542
1110,1,1,1.117731750105995
1111,0,0,-1.4196949902843212
1112,0,0,-0.578732658000276
1113,1,1,0.6837227198269766
1114,0,0,-0.4287096456130677
1115,1,1,1.1168691537012512
1116,0,0,-0.5269708686321753
1117,1,0,-0.057980852517236
1118,0,0,-1.8485625989114916
1119,1,1,0.42100157410533173
1120,0,1,0.7914129694787795
1121,0,0,-0.007093962286592759
1122,0,1,0.4361124768854832
1123,0,1,0.859086974460731
1124,0,0,-0.6863336338376014
1125,0,0,-0.21719024555723243
1126,1,1,1.1150784190127963
1127,0,1,0.3162468629182565
1128,0,1,1.0298795038988615
1129,1,1,0.6256560796191946
1130,0,0,-0.6894347794398378
1131,1,1,0.9999756925155951
1132,0,0,-0.006998010841038738
1133,1,1,0.977200182675455
1134,0,0,-0.8561981531945846
1135,1,0,-1.0988814535863565
1136,0,0,-1.708238626807438
1137,1,0,-0.34819826550121347
1138,0,1,0.9602220885801256
1139,1,1,1.1573818670116751
1140,1,1,1.0073295169920276
1141,0,1,1.1096024819291732
1142,0,0,-0.8559653947358806
1143,1,1,0.2755351543027204
1144,1,1,0.8933982978791117
1145,1,1,0.9271941497372409
1146,0,0,-0.8851583995317571
1147,1,1,0.9471117419079713
1148,1,1,0.1477623452126801
1149,1,1,0.48943504270128707
1150,1,1,1.0642615020270645
1151,1,0,-0.13633512363302142
1152,0,1,0.49379633074793944
1153,1,0,-0.28582681896534246
1154,1,1,0.6812544845176594
1155,1,0,-0.3441282825064012
1156,0,1,1.149321613039676
1157,1,1,1.437233844453413
1158,0,1,0.2792183145996771
1159,1,1,0.050185587265732357
1160,0,1,0.18235561209269485
1161,0,0,-0.22052839968594531
1162,0,1,0.2263878247168743
1163,0,0,-0.47876560033895854
1164,1,1,0.9903100380814029
1165,0,0,-1.4466591897845018
1166,1,1,0.7859709436449
1167,0,1,0.9474609749682328
1168,0,1,1.0302818578197952
1169,0,1,0.824978324187323
1170,0,0,-0.548105904291589
1171,0,0,-0.8952346624113083
1172,0,1,0.04676542345686813
1173,0,0,-1.1996582153499917
1174,1,1,1.0081913127216444
1175,1,1,1.1485834808995619
1176,0,0,-1.2416624640201035
1177,0,0,-1.6634757021848028
1178,0,1,0.024924178500013605
1179,1,0,-0.2575103329444434
1180,0,0,-1.15156316203315
1181,1,1,1.1330269723679536
1182,1,1,0.31395108007473277
1183,0,1,0.253567845256852
1184,1,0,-0.6387917954611918
1185,0,1,0.3027335805997629
1186,1,1,1.2183471310848233
1187,0,1,0.18849395820071263
1188,0,1,1.2365970183103718
1189,0,0,-0.8417190129874562
1190,1,1,0.3258771307423686
1191,0,0,-1.1499335751077935
1192,0,1,0.9074108660264291
1193,1,0,-0.7904812977780777
1194,0,0,-0.9145941335718459
1195,1,1,0.48235949980362874
1196,1,1,1.2496078651473952
1197,1,0,-0.7917269922529206
1198,1,1,1.0193256261921486
1199,0,0,-0.9073353387359114
1200,1,0,-0.43273424483883993
1201,1,0,-0.15496417164380666
1202,1,1,0.8518885311867481
1203,0,0,-0.17986915864870218
1204,0,1,0.7431906332232607
1205,0,1,1.2467097107134775
1206,1,1,0.10735470387588547
1207,1,1,0.5547437964919892
1208,1,1,0.8653916017854086
1209,0,1,0.6425085007626365
1210,1,0,-0.048840043170490344
1211,0,0,-0.1759466946140869
1212,1,1,0.42608912409486427
1213,0,1,0.03345486150471039
1214,0,0,-0.48103139581695903
1215,1,0,-0.16861943814358699
1216,1,1,1.1194982782566267
1217,1,1,0.5133734291697163
1218,0,1,0.38435591885605075
1219,1,1,1.0706571624871062
1220,1,1,0.9339820079221957
1221,0,0,-0.1475006752733366
1222,1,0,-0.5442448239285556
1223,1,1,1.0820502192137278
1224,1,1,0.9962202459889349
1225,1,1,0.43741489494112423
1226,0,0,-0.34676615784526116
1227,0,1,0.5612394541680501
1228,0,1,1.0121223639628245
1229,1,1,1.1102133570229522
1230,0,0,-0.7051399510834422
1231,0,1,0.3922685462942311
1232,0,0,-0.41247936899362914
1233,0,0,-0.4723603195673929
1234,1,1,0.16218713752619168
1235,1,1,0.992582758881442
1236,0,1,0.6555559782586444
1237,0,0,-1.4309526199021203
1238,0,1,0.9842272650312442
1239,0,0,-0.9486432701155776
1240,0,0,-0.3077722340042159
1241,1,1,1.0259470383524096
1242,0,0,-1.4164942647080805
1243,0,1,1.4346199758203364
1244,1,0,-0.1033983512493643
1245,1,1,0.8999015085636046
1246,1,1,0.21734142947758844
1247,0,0,-0.8574120534984044
1248,1,0,-1.0326357339640553
1249,1,0,-0.22386256474151994
1250,0,0,-0.5600830684277137
1251,1,1,0.8877692904753851
1252,0,1,1.1460985868601146
1253,1,1,0.062416495739968936
1254,0,0,-0.9688108940093667
1255,1,1,1.4603449965895139
1256,1,1,0.4658382710706103
1257,0,1,0.693535014408734
1258,1,1,0.6444390226910375
1259,1,1,0.6382052102541269
1260,1,0,-0.15585606956851455
1261,0,0,-0.46485079090577197
1262,1,1,1.1184301355406994
1263,1,1,0.9956249377045236
1264,1,0,-0.5897539027463932
1265,1,1,1.2573749277078785
1266,0,1,0.5238965109905342
1267,0,1,0.2551610777956114
1268,1,1,0.6572974400958929
1269,0,0,-0.49572159873817956
1270,0,0,-1.355439046974378
1271,1,1,1.210064872811818
1272,1,1,0.8933960915413659
1273,1,0,-0.31616225346054505
1274,1,1,0.35908917563248416
1275,1,1,0.9091326631222292
1276,1,1,1.111641348335354
1277,1,1,1.294456268677784
1278,1,0,-0.46071671600602804
1279,0,0,-0.4212669600929087
1280,1,1,0.00395078107687763
1281,1,1,0.5151010301698835
1282,0,0,-0.9768786877795317
1283,0,1,1.1314632521794714
1284,1,1,0.5001325200843725
1285,0,0,-0.3991182084398255
1286,0,0,-0.047497291529580155
1287,1,0,-0.11217110235990779
1288,1,0,-0.530503951377175
1289,1,1,1.1263469216247954
1290,1,1,1.0091256957495682
1291,1,0,-0.7203997342825232
1292,0,0,-0.9414341786090934
1293,1,1,1.017609041201709
1294,0,0,-0.4521909455662101
1295,1,1,1.0199019314646438
1296,1,1,0.1659767008302691
1297,1,1,0.7365508626567194
1298,0,0,-0.1812472976889249
1299,0,0,-0.6442527198922237
1300,0,1,0.01280403906410188
1301,1,1,0.5398441575971702
1302,1,1,1.0705629684233116
1303,0,1,0.5554516386728132
1304,1,0,-0.6413806707934212
1305,0,0,-0.7779278153513551
1306,0,0,-0.3256592076202216
1307,0,0,-1.3350952934225417
1308,1,1,1.2386636597185994
1309,1,1,0.09395560023369104
1310,1,1,1.0143679293798307
1311,0,1,0.4079426694682606
1312,0,1,1.0437184342910528
1313,0,1,1.0420100813337922
1314,1,1,0.8524003310639214
1315,0,1,0.9456200580354774
1316,0,0,-1.1400616096537195
1317,1,1,1.400804685080624
1318,0,0,-0.6194379845742484
1319,1,1,0.021054577602107882
1320,0,0,-1.2225744381790695
1321,1,1,0.7002985560284225
1322,0,0,-0.12422747624438252
1323,1,0,-1.2822844947796828
1324,1,0,-0.4479262977915037
1325,1,1,0.9924668735175237
1326,1,1,1.028488170233847
1327,0,1,0.6162580455412814
1328,1,1,0.9070891243140469
1329,1,1,1.0072405728981597
1330,0,0,-0.8109561912269126
1331,1,1,0.9133817717659662
1332,1,0,-0.7369785314393567
1333,1,1,1.0954381598263927
1334,1,1,0.2518097174145228
1335,0,0,-1.5725657433265172
1336,1,0,-0.6940647188812719
1337,1,0,-1.2962196400310195
1338,0,1,0.9761295684296716
1339,1,1,0.9238397723615546
1340,1,1,0.4678233412125566
1341,0,0,-1.3514224425321768
1342,1,1,1.0613511071255959
1343,1,0,-0.024534506790181154
1344,0,0,-1.1771791082494452
1345,1,0,-0.4786591521644246
1346,1,1,1.1230382057688995
1347,1,0,-0.47849129356840603
1348,1,1,1.1957243124548875
1349,0,1,0.39625996180515605
1350,1,1,1.1819321347371803
1351,0,0,-0.23846272014120679
1352,0,1,1.006642390384684
1353,1,1,0.6873025659461012
1354,1,1,1.3161633537221888
1355,1,0,-0.21327054910315496
1356,0,1,1.0264704325464402
1357,1,1,1.4079846185369205
1358,1,1,1.1186390523259369
1359,0,1,0.401548953759481
1360,0,0,-0.28191492183357986
1361,1,1,0.8016663528151566
1362,1,0,-0.601683606480847
1363,1,0,-0.7467059673689411
1364,0,0,-0.799765568416998
1365,0,0,-1.1308385039239692
1366,0,1,0.5096780372430514
1367,1,1,0.9984572390115054
1368,0,0,-1.0356996285425881
1369,1,1,0.9843609458800882
1370,0,1,0.4158768888063305
1371,1,1,1.148717915519094
1372,0,0,-0.6333877272606918
1373,0,0,-0.13597607124549382
1374,0,1,0.058925004232792955
1375,0,1,0.4020743136973655
1376,1,1,0.8251089040720143
1377,0,1,0.8792336150826296
1378,0,1,0.37493851913601844
1379,1,0,-0.05430525010140713
1380,1,1,0.041488660703193736
1381,0,0,-1.4262112012424222
1382,0,1,0.45074552081339064
1383,1,1,0.1362633036985173
1384,1,1,1.0281137271439367
1385,1,1,1.01399082072338
1386,0,1,0.4409254629092236
1387,0,1,0.0893240585888943
1388,1,1,0.4947168670494167
1389,0,1,1.1918747081205037
1390,0,0,-1.2904712539242342
1391,1,1,0.9214252355389743
1392,0,1,1.0244721535323507
1393,0,1,0.9283739328674265
1394,0,0,-0.7210933967820171
1395,0,1,0.46109105048250393
1396,1,1,0.4259851263867395
1397,1,1,0.9494618562171577
1398,1,1,0.5427628101287345
1399,1,0,-0.09528601124935154
1400,1,0,-0.2727185549933713
1401,0,0,-0.32107358165953404
1402,1,1,0.8182812401427086
1403,0,0,-1.025604078979737
1404,0,1,1.3012914418640436
1405,0,0,-0.2919638207455151
1406,0,0,-0.9489498653163286
1407,0,1,0.9499340928539546
1408,0,0,-0.23360964769275788
1409,0,1,0.34182962013918333
1410,0,1,0.4059415448286901
1411,0,1,0.5608101860152308
1412,0,1,0.6215837170132972
1413,1,1,0.911837940946278
1414,0,1,1.2876120954366561
1415,0,0,-1.260353127566608
1416,0,0,-0.41072549823680926
1417,1,1,0.8985103177965652
1418,0,0,-0.9731404457038209
1419,1,0,-0.381454809991129
1420,1,0,-0.5335980676662218
1421,1,0,-1.2900335172232733
1422,1,1,0.47248989947345016
1423,1,1,0.3256162064441946
1424,0,1,0.881551911945065
1425,0,0,-0.021763315029729557
1426,0,0,-0.14052003277858016
1427,1,1,0.9672092477578007
1428,1,1,0.5343555044674335
1429,0,0,-1.2281409972859907
1430,1,1,0.6169172076910006
1431,0,0,-0.382469201067733
1432,1,1,0.9302753878084096
1433,0,0,-0.8881550734985506
1434,0,1,0.5418619025656175
1435,1,1,0.6550099532911566
1436,0,0,-0.6887486836670281
1437,0,1,0.5364088935148825
1438,1,1,0.4943370781419055
1439,1,1,1.0763874060478291
1440,1,1,0.5108643151292511
1441,0,0,-0.6279332457000389
1442,0,0,-0.9513747512410355
1443,1,0,-0.5647808575421751
1444,1,0,-1.146604547946989
1445,0,1,0.5609490222286626
1446,1,1,0.19519293976408963
1447,0,0,-1.449869196587747
1448,1,0,-0.17684825198777687
1449,0,0,-0.6134089660798283
1450,1,1,0.10509449938059628
1451,1,0,-0.9511595565958715
1452,0,0,-0.6348061110443022
1453,1,0,-0.8887582126916778
1454,0,1,1.047034386296535
1455,0,1,0.349018301449509
1456,1,1,0.8048075509030204
1457,1,0,-1.80059652074786
1458,1,1,0.05273531495819811
1459,1,0,-1.03512513681379
1460,0,1,1.0670221128914292
1461,1,0,-1.508107485903662
1462,0,1,1.0934786121855717
1463,1,0,-0.35741118429942076
1464,0,1,1.1335076398094912
1465,0,0,-0.45479257869502504
1466,1,0,-0.44678282736837327
1467,1,0,-0.38683260636721883
1468,0,0,-1.0718493128043847
1469,0,0,-0.875039429807235
1470,1,0,-0.07894579873015495
1471,0,0,-0.2569675983484367
1472,1,0,-0.09361076926738249
1473,1,1,0.7699063353942557
1474,0,0,-1.2108793266896347
1475,1,1,0.8438821648142671
1476,1,1,0.5938471886602359
1477,0,1,0.20503259763808307
1478,1,1,1.0191927746594813
1479,0,1,0.5367180975856405
1480,0,1,1.1177760307512978
1481,0,0,-0.44148946467398015
1482,1,1,1.2724694944327768
1483,1,0,-1.149897103036497
1484,1,1,0.5489534878666302
1485,0,0,-0.2543655177017998
1486,0,1,0.3838769303670307
1487,0,0,-0.26044255009232053
1488,1,1,1.186664012636972
1489,0,0,-1.9168080184504728
1490,1,1,1.1537270675294726
1491,0,0,-0.7919221296874848
1492,0,0,-0.934491614702419
1493,1,1,1.0294404365807697
1494,1,1,1.206417258503304
1495,1,1,0.0497513475711539
1496,1,1,0.46124655986932256
1497,1,1,1.0317319299476275
1498,1,1,1.2518008289919713
1499,0,1,0.8207341441073626
1500,0,1,0.5314952543765765
1501,1,0,-1.533935274040654
1502,1,1,0.6033793982755886
1503,1,0,-1.0668996904128947
1504,1,0,-0.428231670153898
1505,1,1,0.10211326423250228
1506,1,0,-0.021382053108542964
1507,0,0,-0.5067570929291875
1508,0,0,-1.285917647992722
1509,0,1,0.21518268588857686
1510,0,0,-0.9918762247522188
1511,0,1,0.5552611509394316
1512,0,0,-0.7271940650531086
1513,0,1,0.5337212562550857
1514,0,0,-1.2281690433999333
1515,0,1,0.4143853340051891
1516,0,0,-0.7133538172984708
1517,0,1,0.19270421687604117
1518,1,1,1.069552863605026
1519,1,1,0.9307172524944975
1520,1,1,1.342038580531415
1521,0,1,0.5135347107594317
1522,1,1,0.38061802957026364
1523,0,0,-1.5970691761841744
1524,0,1,0.08035394353229458
1525,0,1,0.2868119168100483
1526,0,0,-1.1349231369748447
1527,0,0,-0.5767504097345293
1528,0,0,-0.9568219444556108
1529,1,0,-0.006151274370020832
1530,0,1,1.0642165952679565
1531,1,1,0.2935190141749547
1532,1,1,1.0510485124553146
1533,1,1,0.8865846021403574
1534,1,1,1.4259736903865128
1535,0,1,1.144992138575652
1536,0,0,-1.1293985721852995
1537,0,1,0.12639637088021954
1538,1,1,0.7059211472488547
1539,1,1,0.049669604507459886
1540,0,1,1.117024169840512
1541,0,0,-0.6817192687378726
1542,0,1,1.2465283601402004
1543,0,0,-0.22584393275352488
1544,0,0,-0.7218677916549312
1545,1,0,-0.3375720822935139
1546,1,1,0.40388439594664277
1547,1,0,-1.4401124713898361
1548,0,1,0.44658360272886927
1549,0,1,1.2122060462692066
1550,0,1,0.03862397593801298
1551,1,1,0.20393034045084885
1552,1,0,-1.150165773790766
1553,1,0,-0.6399219427637035
1554,1,0,-1.008547361302351
1555,0,1,0.9011167776005193
1556,1,1,0.9119744336398559
1557,1,1,1.1482760614798666
1558,1,1,1.3069242482601076
1559,0,0,-1.0443455919818616
1560,0,0,-0.001129323545002614
1561,0,0,-0.28860435556438024
1562,0,0,-0.42018100923643587
1563,1,1,0.8502155714497133
1564,0,0,-0.6957319900708837
1565,1,1,0.5128123956017712
1566,0,0,-0.25812752005226347
1567,0,0,-1.309825961576415
1568,1,1,1.021200844321525
1569,1,1,0.46009595257983144
1570,0,1,0.2803019855400017
1571,0,0,-0.7001447672887914
1572,0,0,-1.898122211565922
1573,0,1,0.0836341603037461
1574,1,0,-0.8129928809114269
1575,0,0,-1.0171413039126145
1576,0,0,-0.9473905836711365
1577,0,0,-0.1367149313948839
1578,0,0,-0.06548465005761422
1579,0,0,-1.092717834675221
1580,1,0,-0.6947132110383153
1581,1,1,0.3823692063451994
1582,0,1,0.6458403484187167
1583,0,0,-0.8755003832987303
1584,0,0,-1.4990056676801857
1585,0,0,-0.22451644277564856
1586,0,0,-1.4000254930622202
1587,0,1,0.017508330061330957
1588,0,0,-0.9168724413376126
1589,0,1,0.8232061918165083
1590,1,0,-0.7143955074739065
1591,1,0,-0.8017598195360442
1592,0,0,-0.027611575019444334
1593,1,1,1.0917646598130926
1594,1,0,-0.18515169948125038
1595,1,0,-0.9544181784455075
1596,0,0,-1.4724469440703383
1597,1,0,-0.7587352114419699
1598,1,1,0.5722615181713664
1599,0,0,-1.2561637524204383
1600,0,1,0.6471810034594261
1601,1,0,-0.8666199634826877
1602,0,0,-0.006711861573213074
1603,1,1,0.999348185442076
1604,1,1,1.1844888582971058
1605,0,1,0.9064895443728029
1606,0,0,-0.6469983545645479
1607,1,0,-1.002381642043591
1608,0,0,-0.7557250165248609
1609,0,1,0.38330524743694855
1610,1,1,0.20368188055293973
1611,1,1,0.8976900383389887
1612,1,1,0.09528762544998431
1613,1,0,-0.7358516193378317
1614,0,0,-0.8654541585698556
1615,0,0,-0.9479777635766062
1616,0,0,-0.24303503342059554
1617,0,1,1.1814947977131782
1618,0,0,-1.0131505601255368
1619,1,0,-0.41473482798933803
1620,0,0,-0.3338518472169971
1621,1,1,1.0291887080207176
1622,0,1,0.4812636206070216
1623,1,1,1.0065844719108574
1624,0,1,0.3927524931444721
1625,1,1,1.2092004937654668
1626,0,0,-0.787080266947148
1627,1,1,0.45216134437185723
1628,1,0,-0.7848381570007781
1629,1,0,-1.2874360744211226
1630,1,0,-0.510778127116301
1631,0,1,1.233611740638553
1632,0,0,-0.4968905465317596
1633,1,1,0.5445569921718421
1634,0,0,-0.5601157563233585
1635,1,1,0.4446598305604073
1636,1,0,-1.1369316209768088
1637,0,0,-0.2669759502148121
1638,0,0,-0.1761568753468294
1639,1,1,0.9780851474187329
1640,1,0,-0.49424485386799455
1641,1,1,1.058735194795698
1642,0,1,1.1081451147137271
1643,1,1,0.20350286446105842
1644,1,1,1.051571875775165
1645,1,0,-0.2233048481386514
1646,1,1,0.9887517476380365
1647,1,1,1.078871640380431
1648,1,1,1.282776566212464
1649,1,1,0.3989073383398634
1650,1,1,1.0982186860814063
1651,1,1,0.8889248209490588
1652,0,1,0.9643150457807383
1653,0,0,-0.9735846823268643
1654,1,1,0.9934704820833322
1655,1,0,-0.9449861591605867
1656,0,1,0.8855793895312021
1657,0,1,0.5898569425714002
1658,1,1,0.7723944630028035
1659,0,0,-1.0398703593837262
1660,0,0,-0.04117945132678691
1661,1,1,0.850667198842497
1662,0,1,1.2314339832369838
1663,0,0,-0.7897715004398584
1664,0,1,0.46547554511910244
1665,0,0,-0.7977729342310894
1666,0,0,-0.32232200670492345
1667,1,0,-1.4231491826706784
1668,1,1,1.1053490732939433
1669,1,1,1.162987075078057
1670,1,1,1.2949391438435414
1671,1,1,0.9037373520531198
1672,0,0,-1.0394984585011322
1673,1,1,0.8170710554561524
1674,1,1,0.48812981062654953
1675,0,1,0.8894358192833496
1676,0,0,-0.6207923719847096
1677,0,0,-1.1718390309626086
1678,1,1,1.141549240219863
1679,1,0,-0.42732612277976556
1680,0,1,0.9219344041637538
1681,1,1,0.20450065326688743
1682,0,0,-0.016258768100768428
1683,0,0,-1.321138634735681
1684,0,0,-0.4067264672895452
1685,1,1,0.01318798065635357
1686,0,1,0.24332770027160372
1687,1,0,-0.32571133581319334
1688,1,0,-0.2999387414577265
1689,1,1,1.0996323699833022
1690,1,0,-0.5228168216412068
1691,0,0,-1.1918951471057613
1692,1,0,-0.5262120476250681
1693,1,0,-1.0208545248162435
1694,1,1,1.2254825184282638
1695,1,1,0.32362601617027725
1696,1,1,1.107167121471976
1697,0,0,-0.105299303026273
1698,1,1,0.46739311601364103
1699,1,1,1.2087462548118748
1700,1,1,0.8317508824194737
1701,0,0,-0.9500766750377169
1702,1,0,-1.3763148016629698
1703,1,1,0.5226521520606575
1704,0,0,-0.7619640385691127
1705,0,0,-1.615171649251427
1706,0,0,-0.2663818582700823
1707,0,0,-0.7568538007512624
1708,0,0,-1.2775203669921935
1709,1,1,0.11484913267987967
1710,0,1,1.457007384267074
1711,1,1,1.247863654080575
1712,1,1,0.9230057559158509
1713,0,0,-1.357178791551052
1714,1,1,1.0945683404519546
1715,0,0,-0.4657841544542202
1716,0,1,0.11438094489173772
1717,1,1,0.8172729900205515
1718,1,1,1.1898269587307528
1719,1,0,-1.2548901973462432
1720,0,0,-0.6948533404077779
1721,0,0,-0.78937262808814
1722,0,1,0.41513553977049605
1723,1,0,-0.4957082970539769
1724,0,1,0.9625973135727453
1725,0,0,-1.0712114017940606
1726,0,0,-0.5818014209867315
1727,0,1,0.26132186966002996
1728,1,0,-0.22414260173940564
1729,0,1,0.16267742930410561
1730,1,0,-0.3419109376516988
1731,1,0,-1.191779540674578
1732,0,0,-0.9900178133639475
1733,1,1,0.18494626925390184
1734,1,1,0.9312463208846546
1735,0,0,-0.40140269525415284
1736,1,1,0.6189930350736708
1737,1,1,0.19654394433018435
1738,1,1,1.3427221513771261
1739,0,0,-1.5249194361945635
1740,0,0,-0.4683916077540254
1741,1,1,0.7773082492341654
1742,0,1,1.500533448017799
1743,0,1,0.5984043002831301
1744,0,0,-0.15070075294408836
1745,1,1,0.23712301021373966
1746,0,0,-0.882834530038326
1747,0,0,-2.2208881215270377
1748,1,1,0.4948602311835822
1749,0,0,-0.47879642749783247
1750,1,1,0.7004289872614811
1751,0,0,-1.4775205510822587
1752,1,0,-0.545594492347747
1753,0,1,0.21617961560509452
1754,1,1,1.259046505070636
1755,0,1,1.12008294743761
1756,0,1,1.1345448199465724
1757,1,1,0.8759916239262533
1758,1,1,0.7143824372591119
1759,0,0,-1.426011966323872
1760,1,1,0.188653985219214
1761,0,0,-0.6588151844726193
1762,0,1,0.9652022030975467
1763,1,1,0.5403738816328398
1764,1,1,1.0262020238076235
1765,1,1,0.9283084754378836
1766,1,0,-0.37463357073851883
1767,1,1,0.7786137152023622
1768,0,0,-1.7655063569326281
1769,1,1,0.630967412444893
1770,1,0,-0.5563053878640922
1771,1,0,-1.217849730061951
1772,1,1,1.0089424413486128
1773,0,1,1.2716822274237185
1774,0,1,0.22116682493125445
1775,0,1,0.8791434459743956
1776,0,1,0.010131861037184109
1777,0,0,-0.6603781326056841
1778,1,1,1.2519353241474978
1779,1,0,-0.5964047854495186
1780,1,1,0.9213934002703488
1781,1,0,-0.4565245239280286
1782,1,0,-0.5114247617485267
1783,0,1,0.9860184773310008
1784,0,1,0.4946132717159904
1785,1,1,0.6366655045575669
1786,1,1,1.1166050528202285
1787,0,1,1.08191592886574
1788,1,1,0.298898122613039
1789,1,0,-0.9199794922358553
1790,0,1,0.6729000958308049
1791,0,1,1.1093519596628327
1792,1,1,0.790057194820202
1793,1,1,1.0441079928509416
1794,0,0,-0.6800280986306412
1795,1,1,0.177579474601465
1796,1,0,-0.6352666375329211
1797,0,1,0.2362805238419226
1798,0,1,0.33640683810891975
1799,1,0,-0.5487497943861572
1800,1,1,0.7503029064323783
1801,0,1,0.4811626256892712
1802,0,0,-0.8964079254585635
1803,1,0,-0.4030514652541489
1804,1,1,0.91472189075102
1805,1,1,0.012740519454695787
1806,1,0,-0.5336280857807906
1807,1,1,1.0840895149667724
1808,0,0,-0.506225184592777
1809,1,1,0.9250145181780645
1810,1,1,1.245719324147771
1811,1,0,-1.185323013144486
1812,0,1,1.2652869730323353
1813,0,1,0.03794030233623119
1814,1,0,-0.42026207700339613
1815,0,1,1.1713925711811881
1816,0,0,-0.8886841402031989
1817,1,0,-0.6176118773155324
1818,1,1,0.42189942897826144
1819,0,1,0.5826331357128183
1820,0,1,0.5282942684389744
1821,0,1,0.2469338372033481
1822,0,1,1.4071412935690155
1823,1,1,0.2366752598361696
1824,1,1,1.37091952308249
1825,1,0,-1.1664864796828394
1826,0,0,-0.732111257429237
1827,1,1,1.3156282175208132
1828,1,1,0.4041153893584584
1829,0,1,0.47421309920297766
1830,0,0,-0.8882246112217513
1831,0,0,-0.21884795745823798
1832,0,0,-0.5112266703281289
1833,1,1,0.9346070390454291
1834,0,1,0.9110581121658936
1835,0,0,-1.3950326613546333
1836,1,1,0.6139350341348648
1837,0,0,-1.021409679447117
1838,0,1,0.7377105255402878
1839,0,1,0.19114948484277244
1840,0,0,-0.7558951814613689
1841,0,0,-0.6597317388647641
1842,1,1,0.8085833775237938
1843,0,1,0.8286116216265882
1844,0,1,0.015482527307809468
1845,1,1,0.6279784883116768
1846,0,1,0.8112538345765414
1847,0,0,-0.5274436831564644
1848,0,0,-0.9340023770794879
1849,0,1,0.8340249700737867
1850,1,1,0.7592259903952292
1851,0,0,-1.063112396857585
1852,1,0,-1.642545595316368
1853,0,0,-0.5385718563572458
1854,0,0,-1.1552160901440685
1855,0,0,-0.5587180065749948
1856,1,1,0.4938715112685062
1857,1,1,1.1566525896582556
1858,0,0,-1.4043401923856553
1859,1,1,0.3896082730892679
1860,1,1,0.00285502190455017
1861,0,0,-0.4159135085723104
1862,1,1,0.6021376840467623
1863,0,0,-0.5575825817825201
1864,1,1,1.0816155216468855
1865,0,1,0.5407509738879948
1866,1,0,-0.10962405901301192
1867,0,1,0.9307014319853866
1868,0,1,0.2641651031351537
1869,1,1,0.610397676851731
1870,0,0,-1.1109368933371102
1871,0,0,-0.3881269994099336
1872,0,1,0.614014376946479
1873,0,1,0.42310815831740817
1874,1,1,0.8144930605829495
1875,1,1,1.1332749846960517
1876,0,1,1.1859828393123188
1877,1,0,-0.7165700954691396
1878,0,0,-0.6688156506358107
1879,1,0,-0.8794175523132957
1880,0,0,-0.5080056796253476
1881,1,0,-0.35567272336564687
1882,1,1,0.8764630506894941
1883,1,1,0.20052240764656798
1884,0,1,0.2882871874321507
1885,0,0,-1.7049977253399087
1886,1,1,0.13851606575353675
1887,0,0,-0.6361624917163633
1888,0,0,-0.29627811785903196
1889,1,1,0.9261341961055349
1890,0,0,-0.3811441620611725
1891,0,1,0.6253475734171108
1892,1,1,1.190139377788397
1893,1,1,1.3183866220904585
1894,1,1,0.9453501776713682
1895,0,0,-0.44353313527116
1896,1,0,-0.40412354841467313
1897,1,1,0.4635838543813611
1898,1,1,1.0487884103499874
1899,1,1,1.2791319844144133
1900,0,0,-1.0032700643585968
1901,1,0,-0.45237466244786745
1902,1,1,0.8443270906756819
1903,1,1,0.00797958331270926
1904,1,1,0.1273419598537499
1905,1,1,0.8938616620341162
1906,1,1,0.21952030074867573
1907,1,1,0.26632619467595425
1908,1,1,0.519436495131474
1909,1,1,0.9729535587446685
1910,1,1,0.9913677819867615
1911,1,1,0.727134695986569
1912,1,1,1.1960329740697988
1913,0,0,-0.9053278467919501
1914,1,0,-0.5609439474744515
1915,0,1,0.062335821173795825
1916,0,0,-0.086410494848421
1917,1,0,-1.8404750900928033
1918,1,0,-0.809775447567874
1919,1,1,1.1181844967638868
1920,0,0,-0.7178466142821074
1921,1,1,0.31255728056125814
1922,0,0,-0.09217262137216475
1923,1,0,-0.8291655433473311
1924,0,1,0.366782254728015
1925,0,1,1.0720779397349678
1926,1,1,0.23179925316075284
1927,1,0,-0.8168454428952732
1928,1,0,-0.4425146506812749
1929,1,0,-1.183849264526677
1930,0,1,0.28541475302365543
1931,0,1,1.0026860067024226
1932,1,0,-0.8977147752308019
1933,1,1,1.142791327677899
1934,0,1,0.3931413002397472
1935,0,0,-0.15824758312845
1936,1,1,1.1062643414269508
1937,1,0,-1.076245080019585
1938,1,1,1.1367562914150808
1939,1,1,1.3110752391731364
1940,0,0,-0.8966144722271132
1941,0,0,-0.10470291837837353
1942,0,0,-1.8468786810108946
1943,1,0,-1.1431333629246943
1944,1,1,0.1614749325480332
1945,0,0,-1.0274249390722954
1946,0,0,-0.9384489935483824
1947,1,0,-0.09388506737975572
1948,1,1,0.39470997664839985
1949,1,1,1.091542003069409
1950,0,0,-0.9736508592646582
1951,1,1,1.3465676044180133
1952,1,0,-0.5488927422701372
1953,0,1,0.3950378839672222
1954,1,1,0.94402881502392
1955,1,1,0.9336464720221924
1956,0,1,1.0292115820993575
1957,0,0,-0.05936894259276693
1958,0,0,-0.4010125156138771
1959,0,0,-1.3719029075179954
1960,0,0,-0.5982422142056555
1961,1,1,1.0125005729083862
1962,0,0,-1.4524022619493842
1963,0,0,-0.15602541842951284
1964,0,1,1.3213364613494447
1965,1,1,0.9694857709499447
1966,1,0,-0.19786425646124556
1967,1,1,0.2963938278982859
1968,1,1,1.280372272089015
1969,0,0,-0.75417267980945
1970,1,1,1.2373419032988986
1971,1,0,-1.5420957234535548
1972,1,1,1.0513108924281507
1973,0,1,0.23022790762842854
1974,0,1,0.36007961882287326
1975,1,1,0.8658881792008779
1976,1,0,-0.7239793697699847
1977,1,1,1.4311676412155485
1978,0,0,-1.7118742820661668
1979,0,0,-1.4092855715597163
1980,0,0,-0.5250893405772055
1981,1,0,-1.2540174402243505
1982,0,0,-1.0408250772895111
1983,1,0,-0.43520571314938816
1984,0,0,-0.38989346343268494
1985,1,0,-0.5066009775215687
1986,0,0,-0.25908423627785243
1987,1,0,-0.42187330622998465
1988,0,0,-1.3222552360915756
1989,1,0,-1.5342178534888806
1990,1,0,-0.3113386617777889
1991,1,1,0.1557559058422398
1992,1,1,0.08908639936739676
1993,1,1,0.599654035694418
1994,0,1,0.882777658613304
1995,1,1,0.5941624270866361
1996,0,1,0.5691623582471597
1997,0,0,-0.5147920468993223
1998,1,1,0.6505952295204762
1999,1,0,-1.0052139963887752
2000,0,1,0.03407143763312198
2001,1,1,0.03400077878329194
2002,1,0,-1.0933643326298108
2003,0,0,-0.5048792629445924
2004,1,0,-1.0484431033607724
2005,1,1,0.6693667756057564
2006,1,1,0.7930847987488903
2007,1,1,0.6888582128581315
2008,0,0,-0.6540047553367923
2009,0,0,-0.2675603229969997
2010,1,1,1.1080229019433325
2011,1,1,0.8731394827250649
2012,0,1,0.9403346921172042
2013,1,0,-1.320513479439442
2014,1,1,0.5227462032562924
2015,0,1,0.04597120460113363
2016,0,0,-0.7244205129252963
2017,0,1,1.6321571428273018
2018,1,1,0.07820745311223681
2019,1,0,-0.12268221585999167
2020,1,0,-0.7619819084278083
2021,1,1,0.7856120831725626
2022,0,0,-0.6946877975470083
2023,1,0,-1.0718991024814921
2024,0,1,0.6586654328880988
2025,1,1,0.07532706104637926
2026,0,1,1.2214300877351247
2027,1,1,1.1284229377880086
2028,1,1,1.4674143825716954
2029,0,0,-0.3957891377574259
2030,1,1,0.7006810503581504
2031,1,1,1.2144487749143547
2032,1,1,1.044721941221215
2033,0,0,-0.437903889157242
2034,1,1,1.2370511026044857
2035,0,0,-1.1432349890348934
2036,1,1,0.9822617733186623
2037,1,1,0.7559958962333362
2038,1,1,1.1738939097486967
2039,0,1,1.1799755323826062
2040,1,1,0.7706536229942786
2041,1,0,-0.8030354232598851
2042,0,0,-0.2883557355829112
2043,0,0,-0.6897925151620156
2044,0,1,0.30094337835539614
2045,1,1,0.27096671369748176
2046,0,1,0.1899775964126335
2047,0,1,0.801385303285598
2048,0,1,0.5036347403807813
2049,0,0,-0.539751606729298
2050,0,0,-0.9055965936086843
2051,1,0,-0.08027009999635332
2052,1,1,0.8735111474498412
2053,1,0,-0.7822288711308105
2054,1,1,0.8354026002995598
2055,0,1,0.43096938824446546
2056,1,1,0.830298418549595
2057,0,0,-0.7891745778820209
2058,1,0,-0.052416342642610136
2059,0,0,-0.29478602207210847
2060,0,1,1.0958931372356573
2061,1,0,-0.9960518044089675
2062,0,1,0.5380923226003071
2063,1,0,-0.3877220024551352
2064,1,0,-0.30249930616870896
2065,0,1,0.8318695742240936
2066,1,1,1.0772799492706857
2067,1,0,-0.03654864703997773
2068,1,1,0.4814483813264054
2069,1,1,1.277594975582465
2070,1,0,-0.6187596214400428
2071,1,1,0.6174648296651011
2072,0,0,-0.3672938312283617
2073,0,1,0.6023370256067189
2074,0,0,-1.3323333272455002
2075,1,1,1.2404702708621738
2076,0,0,-1.1100097002405085
2077,0,0,-1.4111761895934731
2078,1,1,0.9767700511825681
2079,0,0,-1.3685587968910424
2080,0,1,1.3000130606697626
2081,1,0,-0.35146087557105526
2082,1,1,0.5608095597708549
2083,1,0,-0.5215787646571198
2084,1,1,0.9607846644570357
2085,1,0,-0.4514732460340118
2086,1,1,1.285271589486082
2087,1,0,-1.3722199061618654
2088,1,1,0.1019808207109893
2089,1,1,1.3205679540229813
2090,0,1,1.0068081769566308
2091,0,0,-0.413226949287571
2092,1,1,1.1769929224151991
2093,0,0,-1.2277191940057575
2094,1,0,-0.4127491777073045
2095,0,1,0.41628304756946594
2096,1,1,0.5246547621816477
2097,0,0,-0.9677142157788543
2098,0,0,-0.5176513480410904
2099,0,0,-0.5106552346151952
2100,0,0,-1.3407456609315977
2101,1,1,0.738354460570249
2102,1,1,0.5479444150981807
2103,0,1,0.03206109432879273
2104,0,0,-0.7036699365210373
2105,0,0,-1.0050744626411319
2106,0,0,-0.21728149013965775
2107,0,1,0.9302666462558296
2108,1,1,1.189163496786557
2109,0,0,-1.177981164012473
2110,1,0,-0.20916341768125785
2111,0,0,-1.0633536782103241
2112,1,1,0.5877010715601112
2113,0,0,-1.6045537842886002
2114,1,1,1.3240982319162578
2115,1,0,-0.10636594863264498
2116,0,0,-1.0613001808026945
2117,0,1,0.8868901354607226
2118,1,1,0.7951180133440634
2119,0,1,0.9835167609422832
2120,1,1,1.1006114819643686
2121,1,1,1.0060212340843862
2122,1,1,1.020541134789346
2123,0,0,-1.3315645181899562
2124,1,1,1.2817458802857764
2125,0,0,-1.5823302116216382
2126,1,0,-1.0946126007804586
2127,0,0,-0.2186159304603858
2128,0,1,1.1970697355719069
2129,1,1,1.2719158722231438
2130,1,1,1.0885644897641704
2131,1,1,1.4228192767757184
2132,0,0,-0.804706480050114
2133,1,1,1.1060730780932424
2134,1,1,0.7070614233709669
2135,0,1,0.045433399181629974
2136,1,0,-0.7678240772290679
2137,1,1,0.05197599249164225
2138,1,1,0.8758671452865991
2139,0,0,-0.09588842443266893
2140,1,1,0.9466517252187003
2141,0,0,-0.9815680619226594
2142,1,0,-0.7649114568481179
2143,0,1,0.14338556809198005
2144,1,1,0.8277624373195307
2145,1,1,0.284891446046638
2146,0,1,0.8396211930249504
2147,1,1,0.43901598706321826
2148,1,1,1.1797868323089502
2149,1,1,1.150969703743179
2150,0,1,0.5814524533554131
2151,0,1,0.4523434133125794
2152,0,0,-0.8987472774991068
2153,1,1,0.0652547599886329
2154,0,0,-1.0966308966964418
2155,0,0,-0.09782792544928032
2156,1,1,0.8841066906061101
2157,0,0,-0.9269345912988779
2158,1,1,0.9629161447341483
2159,0,0,-0.591576869085578
2160,0,1,0.3931286360166664
2161,1,1,1.060937324971795
2162,0,0,-0.14228825917206267
2163,1,1,0.8827983764865781
2164,1,1,0.9784068291457695
2165,0,0,-1.2136804769860277
2166,1,1,0.6987486738146014
2167,0,0,-1.4125869586570792
2168,0,0,-0.5400151915699365
2169,0,0,-0.8290342079539565
2170,0,0,-0.9510060001268277
2171,1,1,1.0459975641481367
2172,0,1,0.8754575773112885
2173,0,1,0.49744629110784905
2174,1,1,0.9154524450284658
2175,0,1,0.3220925261739292
2176,0,0,-0.8623038076597423
2177,0,1,0.8949964806109716
2178,0,0,-1.1734247403950915
2179,0,1,0.37705961284512896
2180,1,1,0.2554776031280676
2181,0,0,-0.4532232630442029
2182,0,0,-1.090527625899148
2183,1,1,1.052656438870591
2184,1,0,-0.7957921211991644
2185,0,0,-1.1296204211003373
2186,0,0,-0.2754006667813681
2187,1,1,0.22276389459367568
2188,0,0,-1.0285648767761157
2189,1,1,1.0261103648420737
2190,1,1,0.30810532328255763
2191,1,1,0.08758902547759256
2192,1,0,-0.8835325261966727
2193,1,1,1.0607223707689573
2194,0,1,0.1203922749551753
2195,1,1,0.7858384042284947
2196,1,1,0.9988227780336476
2197,0,1,0.6835226052566519
2198,0,0,-1.508322560226728
2199,1,1,1.1098551993288333
2200,0,0,-0.8010040995619389
2201,1,1,0.8732935410256237
2202,0,0,-0.7256254795635133
2203,1,1,1.1383295012179147
2204,1,0,-0.16749040657207598
2205,0,0,-1.5125774222481676
2206,0,0,-1.125874780751726
2207,1,1,0.7318147253130936
2208,1,0,-1.0573022539252646
2209,1,0,-1.4371398487329055
2210,0,0,-0.8526205168614012
2211,1,0,-0.3209157286412926
2212,1,1,0.9769194154440457
2213,0,1,0.43663082511734724
2214,0,0,-0.08060833891556352
2215,1,0,-0.5469475064423
2216,1,1,0.6761623659026184
2217,1,0,-0.2966589923695835
2218,0,0,-0.052806798510654784
2219,1,1,0.3140697337728657
2220,1,1,1.2050413869416685
2221,0,0,-0.12647627764472752
2222,0,0,-0.6918003161048665
2223,0,1,1.2380361400011828
2224,1,1,1.0247539782348845
2225,1,1,0.6821530001770977
2226,0,0,-2.073755157335642
2227,0,1,0.3638815956112708
2228,1,1,1.3846869585945656
2229,0,1,0.025445207303905315
2230,1,1,0.5331439152625559
2231,1,1,0.5049077366452828
2232,1,1,0.6883031558156736
2233,0,0,-0.39823485432534106
2234,1,1,0.2742645807641107
2235,0,0,-0.3070547643762899
2236,1,1,0.9767632642335196
2237,1,0,-0.02691458758588189
2238,0,1,0.017193125220586414
2239,1,1,0.5748661872333178
2240,0,0,-0.31798775471240787
2241,0,1,0.6277046233914554
2242,0,0,-1.0351554932352034
2243,1,0,-1.0532023473243495
2244,0,0,-1.0193409110007707
2245,1,1,0.1164507886304878
2246,1,1,0.43977163223312427
2247,1,1,0.3755656427869903
2248,0,0,-0.1183016617532272
2249,1,1,0.11151986781708062
2250,1,1,1.0417636698454844
2251,0,0,-0.14260662309889421
2252,1,1,1.003223518857729
2253,0,0,-1.0131802542164374
2254,1,0,-0.4758783118108174
2255,0,0,-0.8620715780889985
2256,1,1,1.1201817233292513
2257,0,0,-0.6657440767565258
2258,1,1,1.0175253498236483
2259,1,0,-0.5681497834443141
2260,0,0,-1.3264162070349432
2261,1,0,-0.45340767867775333
2262,0,0,-0.060113986586598445
2263,0,1,0.21118193506202937
2264,0,0,-1.3315560482220907
2265,1,1,0.5531936633067183
2266,1,1,1.0685081518349475
2267,1,1,0.8974972277259605
2268,1,0,-0.6463726415279727
2269,1,0,-0.05730696055653711
2270,0,0,-0.20070085243858066
2271,1,1,0.14993263526656392
2272,0,0,-0.3197733702218941
2273,0,0,-0.05647466938932094
2274,0,1,0.39999105675234564
2275,1,1,0.9965953639876044
2276,1,1,1.126303553561843
2277,0,1,0.745791655980574
2278,0,0,-0.6860398443153122
2279,1,1,1.1975179161118548
2280,0,0,-0.28014154341593434
2281,1,0,-0.08662355569211211
2282,0,0,-0.564110332672214
2283,1,0,-1.2075543597189407
2284,0,1,0.33822478314422116
2285,0,0,-0.6815945903956608
2286,1,1,0.9240173525283342
2287,0,1,0.8140412520999025
2288,0,0,-0.10043084375656974
2289,1,1,1.2909516779772152
2290,1,1,0.6051708014394579
2291,0,0,-1.2599500585193104
2292,1,1,1.0736444419497388
2293,0,1,0.9255216609042622
2294,0,0,-0.5624303936730352
2295,1,0,-0.5915065595817434
2296,0,1,0.9614579941748693
2297,1,0,-0.7990051250587696
2298,1,1,0.6149653338049015
2299,0,0,-0.6636103534691954
2300,0,1,0.7901070603108686
2301,0,0,-1.2115553131986445
2302,0,0,-1.0270014069750397
2303,0,1,0.9300174548409963
2304,0,0,-1.129391984236645
2305,0,1,1.061280598671851
2306,1,1,1.2432961836422292
2307,0,1,0.5685534440738371
2308,1,1,0.722431571575322
2309,0,0,-0.5640554121994559
2310,1,1,0.31476374221112385
2311,1,1,1.112896641249812
2312,1,1,0.4699197801451916
2313,0,0,-0.9692620452487959
2314,1,1,0.2856007893395965
2315,0,0,-0.48841674164620025
2316,1,1,0.5457863671884415
2317,1,0,-0.09681734993642283
2318,0,0,-2.2352411315337837
2319,0,1,1.1488866314548927
2320,1,1,1.2809881192694805
2321,0,0,-1.4350280577238064
2322,1,1,1.4230451037383043
2323,1,1,0.7891686096493848
2324,1,0,-0.31098298171148087
2325,1,1,0.2369730045411355
2326,0,0,-0.4368750229800714
2327,1,1,0.29485787330384944
2328,0,0,-0.138015166700096
2329,1,0,-1.1313250620986912
2330,1,1,0.9961133114469765
2331,0,0,-0.24630270580392466
2332,1,1,1.1748287527424337
2333,0,1,0.42002817417769706
2334,0,0,-1.5132587417693373
2335,0,0,-0.8597866367471021
2336,0,0,-0.758528379424592
2337,1,0,-0.9914285348119936
2338,1,0,-1.609007862126451
2339,0,0,-0.49737971184079044
2340,1,1,1.0796137359609028
2341,0,1,0.097371354837477
2342,0,1,0.25170149941504766
2343,0,0,-0.16004625786921822
2344,0,0,-0.25480999560264217
2345,0,0,-0.36044155219181384
2346,1,1,0.8989499946441222
2347,1,1,0.930324365984982
2348,1,0,-1.7160716063973134
2349,0,1,0.5619393032064524
2350,1,1,0.35567639023999603
2351,0,0,-0.03030881760255366
2352,1,1,1.1886108349909716
2353,0,0,-0.5638348645216724
2354,1,1,0.3514438037339072
2355,1,1,1.1905618683300758
2356,0,0,-0.240005545413936
2357,0,1,0.7356911835946844
2358,1,1,0.8955484837432597
2359,1,0,-0.308644649985851
2360,0,0,-0.8451548738879981
2361,1,0,-0.8397332220841189
2362,1,1,0.25846220610475795
2363,1,1,1.122782322962697
2364,0,0,-0.6013932306289436
2365,0,1,0.8807020072440426
2366,1,1,0.8044958364510111
2367,0,0,-0.7114362950436549
2368,1,1,1.075249344391878
2369,1,1,0.9705546235818656
2370,1,1,0.19839074207269874
2371,1,1,0.9452161861339752
2372,0,0,-1.4010065342365774
2373,1,1,0.3846769356083693
2374,1,1,1.0174484561633848
2375,0,0,-0.39077753444306784
2376,1,0,-0.6679452571410476
2377,0,1,1.063336852848951
2378,1,0,-1.0213209520984077
2379,0,0,-0.0627247914153568
2380,1,0,-1.0103979798954628
2381,1,1,1.1509011931003368
2382,0,1,0.04353400001029789
2383,1,1,1.0668804831281287
2384,0,0,-0.7623077204889395
2385,0,0,-0.5553592337790413
2386,0,0,-0.3012475526052495
2387,1,0,-1.0234813195275054
2388,0,1,1.10529513192269
2389,1,1,1.1775594041358355
2390,1,1,0.7011511618070594
2391,0,1,0.4509089684313731
2392,0,0,-0.7106312729508
2393,1,0,-0.6010667172247774
2394,0,1,0.43702649657905773
2395,0,0,-0.279788458068157
2396,1,1,0.25085771745686497
2397,1,1,0.9473637042956189
2398,0,0,-1.5933747685926227
2399,1,1,0.7476185400201529
2400,1,1,1.2408299134022338
2401,1,1,0.32337847113565105
2402,1,0,-0.4026267489429715
2403,1,1,1.1031277177870735
2404,1,1,0.8165964028434081
2405,1,1,0.9211862115225242
2406,1,1,1.1257850864875034
2407,1,1,1.0777623520759052
2408,1,0,-0.14357304031707857
2409,0,0,-0.3123925706434731
2410,0,1,0.46391345826663816
2411,0,0,-0.5605030403654503
2412,1,1,1.0242345482119353
2413,0,1,0.7598846907199956
2414,0,1,0.4327252579453252
2415,0,0,-0.05821968055200677
2416,0,1,1.030455718140023
2417,1,0,-0.6354495932506852
2418,1,0,-0.06121286453449459
2419,1,1,1.0912821627069844
2420,1,1,0.20110459517448015
2421,1,0,-1.179867815634586
2422,1,1,1.005462456321907
2423,0,0,-0.8638711288236629
2424,0,1,1.274812870694319
2425,0,0,-0.9676325066399649
2426,0,0,-1.6152288106404307
2427,0,1,0.10961198401084632
2428,0,0,-0.5191574628351641
2429,1,1,0.04733634179198881
2430,1,1,1.224862302296926
2431,1,1,0.35975929392002576
2432,1,0,-0.4272823065442053
2433,1,1,0.7902217765615858
2434,1,1,0.015124518688826305
2435,1,1,0.7494749351160097
2436,1,1,0.9214806662537405
2437,1,1,1.1282696723263348
2438,0,0,-0.7456468007864899
2439,1,1,1.1899925848691804
2440,0,0,-1.581045833227349
2441,0,1,0.3629282397686962
2442,1,0,-0.5149678087689984
2443,0,1,0.9436163858991296
2444,0,0,-0.05521081494912866
2445,0,1,0.6699210774056601
2446,1,1,0.7083971768139474
2447,0,0,-0.7836401334777761
2448,0,0,-0.9427472650764583
2449,1,1,0.3656145960286474
2450,1,0,-1.171354762630804
2451,0,0,-0.6532572868972731
2452,0,1,0.18653810177976787
2453,0,0,-0.5356871921760823
2454,0,1,0.4303737122310786
2455,1,0,-0.9164939164976613
2456,0,1,0.5676162531565321
2457,0,0,-1.2763517081313949
2458,0,0,-0.6470287205244445
2459,1,1,0.42474319904658847
2460,0,0,-0.8207130997346631
2461,1,1,0.860085900597819
2462,1,0,-0.27922794780734245
2463,0,1,0.8487788615899929
2464,1,1,0.5053631409822434
2465,1,1,1.3065327240131968
2466,0,0,-0.7239734503236945
2467,0,0,-0.6174613735713762
2468,1,0,-0.7309116928090811
2469,1,1,0.018494188833251546
2470,0,1,0.27976637092876905
2471,0,0,-1.205158209943558
2472,1,0,-0.7003090640706506
2473,0,1,0.8167660695123597
2474,1,1,0.7877201037496115
2475,1,1,1.0306613256749817
2476,1,1,0.9482342860015534
2477,1,1,0.9316711352018281
2478,1,1,1.1457639233961654
2479,0,0,-1.1775705243845347
2480,0,0,-0.7975860742139835
2481,0,0,-1.4412565409795361
2482,1,1,0.9280674973688776
2483,0,1,0.2314538680996881
2484,0,0,-1.0381257265508095
2485,1,0,-0.9974074403659376
2486,0,0,-0.008046879118224215
2487,1,1,0.16068462771994302
2488,0,0,-0.3029491566910809
2489,0,0,-0.546724739059819
2490,0,1,0.8615780723201032
2491,0,1,0.8204786410411813
2492,1,0,-1.3211009953164201
2493,1,1,0.752469898207125
2494,1,0,-0.4227650569650291
2495,0,0,-0.18653417242479559
2496,0,1,0.14174404489622866
2497,0,1,0.6788181707648573
2498,1,1,0.7640588513374642
2499,1,1,0.8816664498275697
2500,0,1,0.5665023291873057
2501,1,1,0.6225984647481835
2502,1,0,-0.9587303121840332
2503,1,0,-1.1315655653681336
2504,1,0,-0.2809968360693137
2505,0,0,-0.5325480563315349
2506,0,0,-0.680073786092305
2507,1,1,0.26014057972464105
2508,1,1,0.33443269058293373
2509,0,0,-0.6058613691259701
2510,0,1,0.8719938655266231
2511,1,0,-0.8752483688340849
2512,1,1,1.2322197659954124
2513,0,1,0.09478555451239351
2514,1,1,0.33006942415490986
2515,0,0,-0.30482536209007827
2516,0,0,-0.6193013171783095
2517,1,0,-0.015490780896418255
2518,1,0,-0.8190394757591248
2519,0,1,0.8687481427032744
2520,1,1,1.238186375070639
2521,1,0,-0.8240559041068345
2522,0,0,-1.3803514771901384
2523,1,1,0.7328084840397895
2524,1,1,0.34403006928291663
2525,1,1,0.7956390995017715
2526,0,1,1.2799249049665788
2527,1,0,-0.111065880955036
2528,0,1,0.8133508163001149
2529,1,1,0.14623179345891396
2530,0,0,-0.9148941334028464
2531,0,0,-0.28220581742271944
2532,0,0,-0.9963626498924816
2533,1,1,0.23288183147638902
2534,0,1,0.7115085924337916
2535,1,1,0.8290648733817201
2536,0,0,-0.48157004650317037
2537,1,0,-0.1960904090939432
2538,0,0,-0.4600852784618783
2539,0,0,-1.1833339127215756
2540,1,0,-0.45698409014579716
2541,0,1,0.6127247881422495
2542,1,0,-0.6984203877563935
2543,1,1,1.0905344963468044
2544,1,1,0.5596424732782461
2545,0,1,0.4073706316262358
2546,1,1,0.9032597093725698
2547,0,0,-0.4588206091227163
2548,1,1,1.2985683626749593
2549,0,1,1.1511290109049295
2550,0,0,-0.8499027727930168
2551,1,1,0.23767476302981322
2552,0,0,-0.5951123041932683
2553,1,1,0.8734412906312989
2554,1,1,0.4042359388749139
2555,1,0,-1.3925942705132983
2556,1,1,1.172661577078429
2557,1,0,-0.06025199592194641
2558,0,0,-0.18311017266938612
2559,0,0,-1.6387015332011154
2560,0,1,0.5083229834140015
2561,0,0,-0.627771990894729
2562,0,0,-0.2517127950927071
2563,0,0,-0.2083316071148109
2564,1,0,-0.549502512422164
2565,1,0,-1.1662193615987433
2566,0,0,-1.4650115200142215
2567,0,1,0.17024650349113452
2568,0,0,-0.8795425949096299
2569,0,0,-0.5876162823168386
2570,1,0,-0.5820927226636231
2571,0,0,-1.6995063163287885
2572,0,0,-1.038804450870753
2573,0,0,-1.1367173297364224
2574,1,1,0.9019816721260556
2575,0,0,-0.9549388602252604
2576,0,1,1.1452826233779252
2577,0,0,-0.4041815284199047
2578,0,0,-0.998929017018884
2579,0,1,0.11765842350584627
2580,1,1,1.4020135064112387
2581,0,0,-0.681187423637845
2582,0,1,1.3168122745823883
2583,0,0,-0.8582615066868112
2584,1,1,0.39998439365917077
2585,0,1,1.121571679807794
2586,1,1,0.9632714329768715
2587,1,0,-0.07007796444331321
2588,0,1,0.6723370724806781
2589,0,0,-1.3967385135668358
2590,1,1,1.5202017829582255
2591,0,0,-1.049218057184429
2592,1,0,-0.8779470750914657
2593,1,1,1.029022939445621
2594,0,1,0.7242725394446459
2595,1,0,-1.3089253197059376
2596,0,0,-1.678726420202302
2597,1,1,0.6856131395276459
2598,1,0,-0.3054649344421819
2599,0,0,-0.8825552697436805
2600,0,0,-0.12083630717924171
2601,1,1,0.8736607522071103
2602,1,1,1.193805495980084
2603,1,1,0.8345535432422124
2604,0,0,-1.1149948690884266
2605,0,1,0.9745199188536118
2606,0,0,-0.9566135920355565
2607,1,1,1.3587845269806431
2608,0,1,0.14309939987403936
2609,1,1,1.1577732920131503
2610,1,1,1.0853458426696792
2611,0,0,-0.7282812598559294
2612,1,0,-0.15924828023390453
2613,1,0,-0.7413311774867881
2614,1,0,-0.19683971834254
2615,1,1,1.3614039073674107
2616,1,1,0.8088473913180183
2617,1,0,-1.1367145457891268
2618,1,1,1.345136066147461
2619,1,1,1.34025790501317
2620,1,1,0.11716062875740124
2621,1,1,0.11944701968325705
2622,0,0,-0.9370360872733889
2623,1,1,1.0099673521227817
2624,0,0,-0.28600261880281896
2625,0,1,0.17642620144352456
2626,0,0,-0.2432948819340874
2627,0,0,-1.250459777996729
2628,0,1,0.9064492133863715
2629,1,0,-0.689899476769965
2630,1,0,-0.27685114322108983
2631,0,0,-0.7556426624939915
2632,0,0,-0.8202451457373301
2633,0,1,0.7434776240828451
2634,1,0,-0.5684108475020128
2635,1,0,-0.435458074864686
2636,1,1,1.1261024214303081
2637,1,1,0.578068106640675
2638,0,0,-1.1598404796371933
2639,0,1,1.0220743020438214
2640,0,0,-0.716755714654513
2641,0,1,0.6972084772242175
2642,1,0,-0.02407023357344834
2643,1,0,-0.7816509450063658
2644,1,0,-0.06316223124700371
2645,1,1,0.4955535214298891
2646,0,0,-0.764949884099589
2647,0,0,-0.40715511690426665
2648,1,1,0.41326435138470413
2649,1,1,0.8997094799789946
2650,0,0,-1.43444322056811
2651,1,1,0.005451545688715254
2652,0,0,-0.9160320027530175
2653,0,0,-1.3501433036879598
2654,1,0,-0.11547751933031186
2655,0,0,-0.9062038273697898
2656,1,0,-1.1333216368616499
2657,0,1,0.7218415854546796
2658,0,1,1.2146813159426377
2659,0,1,0.023147139805669625
2660,0,1,0.658483082279018
2661,1,1,1.1421676621323005
2662,0,0,-0.6145517525646274
2663,1,0,-0.19717899597867833
2664,1,0,-0.5428724993209745
2665,0,0,-0.7291458839643152
2666,0,0,-1.3415874230591325
2667,0,1,0.3640143055396939
2668,1,0,-1.1723153537433404
2669,0,1,0.4891756111281566
2670,1,1,0.540766366926217
2671,1,1,0.6272282947806667
2672,0,0,-0.5377757973289944
2673,0,0,-0.9871949792062535
2674,0,0,-0.8553601980439098
2675,1,0,-0.6593481669472212
2676,1,0,-0.16433710334304324
2677,1,0,-0.08904696247744376
2678,1,1,0.4012736000061446
2679,1,0,-1.406895950529536
2680,1,1,1.1968452111606631
2681,1,1,1.3443776170885764
2682,0,0,-0.3646528119904021
2683,1,1,0.4535021733436843
2684,1,0,-1.426443495162665
2685,0,1,0.9486196834113425
2686,0,0,-0.943668686498902
2687,0,0,-0.7017654940235765
2688,1,0,-1.240908636432373
2689,0,1,0.9991022094480537
2690,0,1,1.5215822132120733
2691,1,1,0.7179951940380433
2692,1,1,0.14159330909728812
2693,1,1,0.5459731825923768
2694,1,0,-0.11416541919717565
2695,0,0,-0.3898554662455351
2696,1,1,0.032092711529014994
2697,1,0,-0.4351513467941885
2698,1,1,0.9725679676642454
2699,1,1,1.2309736248488785
2700,1,1,0.4268675106721285
2701,0,0,-0.1670379984725151
2702,0,0,-1.1041389237652484
2703,1,1,0.3174495302637586
2704,1,1,0.15120182554588973
2705,0,0,-1.4879512146745482
2706,1,0,-0.9400435501811601
2707,1,0,-0.7670110907879548
2708,0,0,-0.14624756200670846
2709,1,0,-0.1515396058786423
2710,1,0,-0.139536806286027
2711,1,1,0.3150386439105631
2712,1,1,0.9354295426634338
2713,1,1,0.6459508468918975
2714,1,1,1.1280173733946086
2715,0,0,-1.166598677339246
2716,1,1,1.189148151911882
2717,0,1,0.26131248356095554
2718,0,0,-0.9890877225083521
2719,1,1,0.9449481302629552
2720,0,0,-1.3758080742505172
2721,0,0,-0.9676294055950266
2722,0,1,0.9269500667563455
2723,0,0,-1.0353916031385875
2724,1,1,0.7853588716918178
2725,1,0,-0.041514526018796405
2726,1,1,1.006625319238332
2727,0,0,-1.0889345252415878
2728,1,1,1.281144591696047
2729,0,1,0.9225121163492851
2730,1,0,-0.4667326685243094
2731,0,1,0.054786701213673294
2732,0,0,-0.40815589481451964
2733,0,0,-0.7602918435338717
2734,1,0,-0.6519890485295722
2735,1,1,0.4979527758471371
2736,1,1,0.4473165610862074
2737,0,0,-0.4193885443542435
2738,0,0,-0.017137501581060144
2739,1,0,-0.33081006207921776
2740,0,1,1.246305919363045
2741,0,1,0.9955156061347119
2742,1,1,0.9779037056273305
2743,0,0,-1.0111954915970418
2744,0,0,-0.4519625911393008
2745,0,0,-1.3028021469824247
2746,0,0,-1.4481129543272042
2747,1,1,0.23127620352869133
2748,0,0,-0.6208543798336827
2749,1,1,1.3757952479009223
2750,0,0,-0.16286485473395257
2751,0,1,1.223942944933997
2752,0,1,0.36982445212731535
2753,1,1,0.0950488414420812
2754,1,1,0.8983810479254097
2755,1,0,-0.33736135981532545
2756,1,0,-0.3313692889961895
2757,1,1,0.7299389185673582
2758,1,1,0.6038131042921424
2759,1,0,-0.06880280591096122
2760,1,1,1.175534657871271
2761,1,1,0.7181537464650003
2762,1,1,1.0995396217137035
2763,1,0,-0.7137495089357351
2764,0,0,-1.1707176336169016
2765,1,1,0.21693933425376294
2766,1,1,0.45909920699185663
2767,1,1,0.2222827749938467
2768,0,0,-0.3187719833439957
2769,0,0,-0.09009067594289305
2770,1,1,0.925238097742862
2771,1,1,0.0600579576481684
2772,0,0,-0.8580430392520382
2773,1,1,0.9930897349643071
2774,0,1,0.3189541185506572
2775,0,0,-1.3686900996738334
2776,1,0,-0.06106435998917781
2777,1,1,1.1043208131924067
2778,0,0,-0.5440552731945604
2779,0,1,1.3315748435112722
2780,0,0,-1.2993079838060102
2781,1,0,-0.6119580733307111
2782,1,1,0.6624658799195948
2783,1,1,0.04813199888770997
2784,1,0,-0.9508234728258027
2785,0,1,0.166708725531503
2786,0,0,-1.4514254107710867
2787,0,1,0.008512941641053429
2788,1,1,1.2026894862712831
2789,0,0,-0.6868171119098988
2790,1,1,0.6996721674732418
2791,1,1,0.8627749741708128
2792,0,0,-0.9155042868251693
2793,0,0,-0.03992178586397882
2794,0,0,-1.4505730661280387
2795,1,1,0.489022692613522
2796,0,1,0.016916045603132424
2797,0,1,0.08488860758265299
2798,1,0,-0.09246540622792793
2799,1,1,1.0526130746453264
2800,1,1,1.1872036025366048
2801,1,1,0.7018084606453809
2802,1,1,1.5230038676275799
2803,1,1,0.831295165589101
2804,0,0,-0.43703695819504296
2805,1,1,0.9962303049420866
2806,1,1,1.0963079160165894
2807,0,0,-0.20602760944921578
2808,0,1,0.41791998696008553
2809,1,1,0.8375548492755049
2810,0,0,-1.3193459801427625
2811,1,0,-0.9341951630495497
2812,0,0,-1.3144559740595745
2813,1,1,1.051177039397823
2814,1,1,0.4954050317582092
2815,0,0,-1.29193325473337
2816,0,0,-0.586322508360168
2817,1,1,1.388585513426909
2818,0,0,-0.727040921569768
2819,1,1,1.262852613249237
2820,1,1,0.9930898342651422
2821,0,1,0.7245734808812756
2822,0,0,-1.7775002349833766
2823,1,1,1.2708499077255986
2824,1,1,0.8212390098688469
2825,0,1,0.9875900100565811
2826,0,1,0.23417890037491912
2827,1,1,1.0645776594960958
2828,1,1,0.8004559566205662
2829,1,0,-0.8524780571786369
2830,0,0,-1.4615557692399261
2831,0,0,-0.6361840973476341
2832,1,1,0.9335912823843335
2833,0,0,-1.156719231134505
2834,1,1,0.16392794983829845
2835,0,0,-0.21171365038069617
2836,0,1,0.5042322850534342
2837,0,0,-1.0674502532704733
2838,0,1,0.39142910007387804
2839,1,1,1.04143803220409
2840,0,1,0.5523992828067794
2841,1,0,-0.36295657617526955
2842,1,1,1.3199533857389165
2843,0,1,0.7968119478466702
2844,1,0,-0.9606438739174266
2845,1,1,0.9878190544471073
2846,1,1,1.0565823880452703
2847,1,1,0.968790060578612
2848,1,1,0.6840569705870327
2849,0,0,-0.72207454699683
2850,1,1,0.1635808889111801
2851,1,1,0.3124183199702671
2852,0,1,1.169010909937728
2853,0,1,0.7544964030468935
2854,1,0,-0.3833990288481415
2855,1,1,1.1330177284962089
2856,0,1,0.051352879280186
2857,1,0,-0.3149893109943683
2858,1,1,1.1074483573334468
2859,1,1,1.4589242986503053
2860,0,1,1.145706615594969
2861,1,1,1.3127789001847368
2862,1,1,0.8681110456745151
2863,1,1,1.248749239546337
2864,1,1,0.9686262473255276
2865,0,0,-0.4817701841497311
2866,1,1,0.6844391989375649
2867,0,0,-0.7069083293298626
2868,0,0,-0.5456878295282125
2869,0,0,-0.2135293612510486
2870,1,1,1.3161495267555536
2871,1,1,0.9400971993278473
2872,0,1,1.1476860486330254
2873,1,1,0.16931563763570417
2874,1,1,1.3062060841808294
2875,1,1,0.9224141003806543
2876,1,1,0.4574411921408131
2877,1,1,0.919435015388866
2878,0,0,-0.849506599474226
2879,1,1,0.681790913229579
2880,1,1,0.3872988511500493
2881,0,1,1.1341689419876135
2882,0,1,0.08607287792689894
2883,0,0,-0.4528220032530248
2884,0,0,-0.08812253432269962
2885,0,0,-1.5230194588160277
2886,0,1,0.6130619202127061
2887,1,0,-0.8592604326919021
2888,1,1,1.17365577907817
2889,1,1,0.9352905170870052
2890,1,1,1.306744869698325
2891,0,1,0.8803585669674296
2892,1,1,0.9925121224446303
2893,0,0,-0.6118943545033978
2894,0,0,-0.5275338172619725
2895,1,1,1.161730532286
2896,1,1,0.4873444190807002
2897,0,1,0.15266422365212046
2898,0,0,-0.5099176361903142
2899,1,1,0.45200581375101884
2900,0,0,-0.7259179535353455
2901,0,0,-0.6871104308990121
2902,1,1,0.6184121003241625
2903,0,0,-0.39500109575886655
2904,1,1,1.0281099463875658
2905,0,0,-1.2190143600520722
2906,1,0,-0.4215641425381378
2907,0,1,0.5208269635136291
2908,1,1,1.1179319422632492
2909,0,1,0.6989907408664198
2910,1,0,-0.012953747708419339
2911,0,0,-1.2191327357944473
2912,0,1,0.9591367216971953
2913,1,1,0.7156743752040657
2914,1,1,1.0381343086138788
2915,1,1,1.0788827233026554
2916,1,1,1.1478158448957334
2917,0,0,-0.6991576851837062
2918,0,1,0.8335202208519319
2919,0,1,1.361976863847761
2920,1,0,-1.182413381585282
2921,1,1,0.7621604658292196
2922,0,1,1.0203128335796303
2923,0,0,-0.17925558884044807
2924,1,0,-0.6500761142354912
2925,0,0,-0.7210212518564458
2926,0,1,1.1684928711666616
2927,1,0,-0.36768883534603924
2928,1,0,-0.0714762742555059
2929,1,1,1.4343938904659372
2930,1,1,1.2202580017132743
2931,1,1,0.36998526635058376
2932,1,1,1.2618695684203896
2933,1,1,0.036147871393402975
2934,0,0,-0.5275711418649532
2935,1,1,1.2700624105237959
2936,1,0,-1.0337967338669245
2937,1,0,-0.19756065777983767
2938,1,0,-0.9207680752050973
2939,1,1,0.8968051165474624
2940,0,0,-1.337656109891717
2941,1,1,0.08273725727673015
2942,1,1,1.1170027651569288
2943,1,1,1.030097145840907
2944,1,1,1.3562058312007532
2945,0,1,0.963786368880754
2946,1,0,-0.3667957025560982
2947,1,1,0.7167925696348314
2948,0,1,0.42348787367286184
2949,0,0,-0.6460287446746751
2950,0,1,0.3774097098467019
2951,1,1,1.1507070954264402
2952,1,1,0.5853279708666996
2953,1,0,-0.481637250974867
2954,0,0,-1.4255308088782448
2955,0,1,1.4191621397388965
2956,0,0,-0.877045524521533
2957,1,1,1.0703528653325594
2958,1,1,1.0234784254915403
2959,1,1,0.09030894245691318
2960,1,1,1.0267028522389179
2961,1,0,-0.5530351520092691
2962,0,1,0.03852131633322814
2963,0,1,0.5595920826164775
2964,1,1,0.3915700961957918
2965,0,0,-1.0911703110051532
2966,1,1,0.7888146703322256
2967,0,0,-0.13681791406844207
2968,0,1,1.122712424472374
2969,0,0,-0.30754728929887465
2970,1,1,1.079112301269192
2971,1,1,0.8424702468427183
2972,0,0,-0.44163426713656684
2973,1,1,0.9996957617515463
2974,1,0,-0.904117517884471
2975,0,0,-1.4695776911175824
2976,0,0,-0.8060664438181171
2977,1,0,-0.2442589721367519
2978,0,0,-0.5037950850260549
2979,0,0,-0.5666503076770124
2980,1,1,1.5053239182838176
2981,1,1,1.1342493236742035
2982,1,0,-1.0814710703485748
2983,0,0,-0.026966606513066094
2984,1,1,1.0301373373945688
2985,0,1,0.14061135621373028
2986,1,1,1.189151399545723
2987,0,0,-0.3646266806664367
2988,1,1,1.1032878892442852
2989,0,0,-1.0137840270282756
2990,1,1,1.220007449041488
2991,0,1,0.8841318738940902
2992,1,1,1.223957547605363
2993,0,1,0.7097268955245255
2994,1,0,-1.516935274080419
2995,0,0,-0.23259906923675905
2996,1,1,0.5026003389050593
2997,0,1,0.10618949334838229
2998,1,1,0.219940971980304
2999,1,1,0.4719739814462089
3000,0,1,0.0492325620107153
3001,1,0,-0.37669675679549525
3002,1,1,0.970522110497448
3003,1,0,-1.4870725566465377
3004,0,1,0.45893709983247816
3005,1,1,1.2643118459993528
3006,1,1,1.1683597398015242
3007,1,1,1.000702659508223
3008,1,1,0.11689927684751639
3009,0,0,-0.842933160900109
3010,0,1,1.3996770272945482
3011,0,0,-0.9273521404513134
3012,1,0,-0.062308872607664656
3013,0,0,-0.759463805249416
3014,0,0,-0.6899323065203364
3015,1,0,-1.0967487513955976
3016,1,1,0.5594433996006825
3017,1,1,0.4626160644755009
3018,1,1,1.00555693427301
3019,1,1,0.8664583777786607
3020,0,0,-1.8238973122322975
3021,0,0,-0.5824791330944403
3022,1,1,0.2442278916347877
3023,1,1,0.5208459462815536
3024,1,0,-0.02792361859682202
3025,0,0,-0.6984522297707336
3026,0,0,-1.1425064347532576
3027,1,0,-0.918986905632486
3028,1,0,-0.3773533372889169
3029,0,1,0.25126904336742056
3030,1,1,0.24325385426280638
3031,1,1,1.2648044845762452
3032,1,1,0.7613181796967396
3033,0,1,0.6106926509049122
3034,0,1,0.7802764831146187
3035,1,1,0.48545683188235406
3036,0,0,-0.4224452531429258
3037,1,1,0.9351377135485954
3038,1,1,1.1310171446927277
3039,0,0,-0.1869715044770099
3040,1,1,0.48568244203002015
3041,0,0,-0.4498557177661703
3042,0,0,-0.23664754306840996
3043,1,0,-1.015361759587701
3044,0,0,-0.7744369713247846
3045,0,0,-0.5569307245609689
3046,0,0,-0.8428307564052144
3047,1,1,1.0654434436442006
3048,0,0,-0.22134898728475463
3049,1,1,1.2042197077526793
3050,1,0,-1.1596387514638782
3051,1,0,-0.7452474407614378
3052,0,0,-0.6417274498467678
3053,1,1,0.013366851444959582
3054,0,1,0.17619288420450624
3055,0,0,-0.1096218144346845
3056,0,0,-0.5398235714090952
3057,0,0,-1.2740949927828047
3058,1,1,1.0242820629528087
3059,0,1,0.13036808991834375
3060,0,0,-0.12880303162076662
3061,1,1,1.3100521045410278
3062,0,0,-1.404165631441545
3063,0,0,-0.9095004767658434
3064,0,0,-1.3287874483615916
3065,0,1,1.0510020062959522
3066,0,0,-0.9082385120182972
3067,1,1,1.1038792912326065
3068,0,0,-1.1903638073350218
3069,0,1,0.08230255705344375
3070,0,0,-1.1979295542241268
3071,1,0,-0.1048713979988341
3072,0,0,-0.7626583720030753
3073,0,0,-1.2448386923682078
3074,1,1,0.880094558633971
3075,1,1,0.993801930760764
3076,1,1,1.3947396870244888
3077,1,1,1.4885482568226203
3078,1,0,-0.30742074950340914
3079,1,1,0.9716313058651724
3080,0,1,0.10290481954538416
3081,1,0,-0.6711819179290484
3082,0,0,-0.6687499256916593
3083,0,0,-1.063170814901499
3084,1,1,0.7336003517969207
3085,0,0,-0.4636118461877244
3086,0,0,-2.0916315004532064
3087,1,0,-0.2732083415273766
3088,1,0,-1.0186431065565964
3089,1,1,0.5500058784923081
3090,0,0,-0.6776376297264202
3091,1,1,0.4896019890479351
3092,1,1,0.8000598543270514
3093,0,0,-0.936228164838766
3094,1,1,0.7495075131740185
3095,0,0,-0.09568734477104568
3096,1,1,0.1614781228687459
3097,1,1,1.0540986644870465
3098,1,0,-0.6202873841535985
3099,0,1,0.9671735701090507
3100,0,0,-0.6247666484013819
3101,0,0,-1.1664943423998877
3102,0,1,0.8347674145727422
3103,1,1,0.5853504825685276
3104,0,0,-1.0066502456756794
3105,1,0,-0.026346016360702385
3106,1,0,-0.049403315566316
3107,0,1,0.763995563959442
3108,1,1,0.3610957510553939
3109,0,1,1.2082718718359593
3110,1,1,1.0150033705825485
3111,0,1,0.07914228013750418
3112,0,0,-0.6970933129004179
3113,0,1,0.4630286386519425
3114,0,0,-0.40784429730359384
3115,1,0,-0.2613287775138486
3116,1,1,1.299167326809993
3117,0,1,0.6330448789718979
3118,0,0,-0.017927050451745308
3119,1,1,1.320785399095019
3120,0,1,0.7907798591778812
3121,0,1,0.007736824565957756
3122,1,1,0.16317755507164905
3123,0,1,1.1146477454023453
3124,1,1,0.9266049009510704
3125,1,1,0.621302837729838
3126,1,1,1.0973288396682976
3127,1,1,0.7100026657988143
3128,0,1,0.3668479734896563
3129,0,0,-0.9888739094328602
3130,1,0,-1.1405163956245679
3131,0,0,-1.0099913806223768
3132,1,1,1.13712835257478
3133,0,0,-0.2188725795066886
3134,0,0,-0.3278999344542406
3135,0,0,-0.05228884157685426
3136,1,1,1.0419007063797134
3137,0,0,-0.06026492383752807
3138,1,1,1.2192150136720379
3139,0,0,-1.249356915830967
3140,0,0,-0.7946682075989269
3141,0,0,-0.08542375070285019
3142,1,0,-0.3947993234364682
3143,1,1,0.48475716056262624
3144,0,1,0.5736474518013832
3145,0,0,-0.01651069789545967
3146,0,0,-1.2138419724889886
3147,1,0,-0.496074477060328
3148,0,1,0.9866898819375156
3149,1,1,1.0761630800874435
3150,1,1,0.2661925650461821
3151,0,0,-0.6135699110411336
3152,0,0,-1.247810942025528
3153,1,1,0.27303128868389986
3154,1,0,-0.5143609888628388
3155,1,0,-0.5742438650644776
3156,1,1,1.5248384568524411
3157,1,0,-0.0718838257558389
3158,0,0,-0.7816698177870852
3159,0,1,1.1029737962320147
3160,0,0,-1.3651624705463843
3161,1,0,-0.7688376051692869
3162,1,1,1.147858991444754
3163,0,0,-0.7954744415926401
3164,1,1,0.9429732974287053
3165,0,0,-1.3642834490585776
3166,1,1,0.4397256691112716
3167,0,0,-1.7789585854363945
3168,1,0,-0.43877308067260323
3169,1,1,1.1374751075676086
3170,1,1,1.2241333517001918
3171,1,1,0.8277118558436782
3172,0,1,0.3763167017167151
3173,1,1,1.0478967124494338
3174,0,1,0.50131981727267
3175,0,1,0.3341267357977025
3176,1,1,0.7537206605567521
3177,0,0,-1.3266770240577141
3178,0,1,1.4826655125102917
3179,1,1,0.8193973994469923
3180,1,1,0.2081675331311083
3181,0,1,1.2165716740819108
3182,0,0,-1.2780485082665358
3183,0,1,0.5304832567643436
3184,1,1,1.041858532791409
3185,1,0,-0.7156161072616076
3186,1,0,-0.8435494696293633
3187,1,1,1.0032881250375199
3188,0,0,-0.4930524219114301
3189,1,1,0.3260040999377341
3190,1,0,-0.006462941531426181
3191,1,0,-0.5185412733636651
3192,1,1,1.0233168038529281
3193,1,0,-0.4750098348056411
3194,1,1,0.7005229986872468
3195,1,0,-0.03697005645522916
3196,1,0,-1.2069965268221123
3197,1,1,1.3364603843857044
3198,1,0,-0.6496925780447923
3199,0,1,1.2884212069499767
3200,1,1,1.230233624370454
3201,1,1,0.08750567165192408
3202,0,0,-0.3322781874547993
3203,0,0,-1.1648303510144384
3204,1,1,1.049401907525105
3205,1,1,1.3373406868157771
3206,0,1,0.9009994103786192
3207,0,0,-0.9040640747919086
3208,0,0,-0.9954347593392803
3209,0,1,0.960427238091947
3210,0,0,-0.4193977243525568
3211,1,1,0.2573522190472121
3212,1,0,-0.5207440491916369
3213,0,0,-1.364991061295858
3214,1,1,1.0341555956898887
3215,0,1,1.0566724737124924
3216,0,1,0.8613695968615644
3217,1,0,-0.5271997838492128
3218,0,1,0.09407046162263039
3219,0,1,1.2635195927569898
3220,0,0,-1.1577702547219866
3221,0,0,-0.5878466794188231
3222,1,1,1.1369386847876335
3223,0,1,0.0036373904602914897
3224,0,0,-1.3570567192838812
3225,1,1,0.7373714932723263
3226,0,0,-0.669241187479887
3227,0,0,-0.6470526409139018
3228,0,0,-0.9890930215376352
3229,1,1,1.5718490686725324
3230,0,0,-0.13570816076468895
3231,0,0,-1.0941840042469917
3232,0,1,0.1565407706520337
3233,0,1,0.12374348224952053
3234,1,0,-0.25561842609885355
3235,1,0,-0.5140597489855829
3236,1,0,-0.31457398275686904
3237,1,1,0.9610958369234996
3238,0,1,0.172419988550016
3239,1,1,0.83072344229314
3240,0,0,-0.4421419229784625
3241,1,1,0.009120425887068129
3242,0,1,0.21234377573334234
3243,0,0,-0.6416560688298446
3244,1,0,-1.064792406226281
3245,1,1,0.7154001515747734
3246,1,0,-0.9995853721413535
3247,1,1,0.6990599149829597
3248,1,0,-0.30885157533100693
3249,0,0,-1.0155620942855372
3250,0,1,1.424626010498683
3251,1,1,1.2262203343544373
3252,1,1,1.1093395750460375
3253,1,1,0.31778073662383693
3254,0,1,1.3328454108077759
3255,0,0,-0.4557426512140952
3256,1,1,0.7498522054320542
3257,0,0,-0.052563202067307746
3258,0,0,-1.367212470210458
3259,1,1,0.6228929189128556
3260,0,0,-1.348629692056401
3261,1,1,0.16614128379608234
3262,0,1,0.6895076348236664
3263,0,0,-0.2586391815130161
3264,1,0,-0.08020974901972289
3265,0,1,0.5243580984511909
3266,1,0,-1.2523575089377241
3267,0,1,0.1538305148304963
3268,1,0,-0.9887820417100175
3269,0,1,0.8109175193540488
3270,1,1,0.30877468579821904
3271,1,1,0.06576032522338987
3272,0,0,-0.43527184555803855
3273,1,1,1.1230186746958344
3274,1,1,1.1858879041670467
3275,1,1,0.8921324389418324
3276,1,0,-0.7051464022133171
3277,1,1,0.6279929915761775
3278,1,0,-0.6014238466029967
3279,1,1,0.1329555585237608
3280,1,0,-0.7572900969051182
3281,1,1,1.120762163859145
3282,0,1,1.044570088045062
3283,0,0,-0.6153236341212951
3284,1,1,0.7772042470399176
3285,0,0,-1.2604802722437278
3286,0,0,-0.9699205300681413
3287,0,0,-0.7441005754225682
3288,1,1,1.3855021841117614
3289,1,1,0.5196429229234862
3290,0,1,0.11320833463289698
3291,0,0,-0.9351146149025253
3292,1,0,-1.2025250096880333
3293,1,0,-0.5768008925728676
3294,0,1,0.08481172996689174
3295,1,1,0.36822689723922425
3296,0,0,-1.2911899089482928
3297,1,1,0.8161238331869245
3298,0,1,0.686308545427692
3299,1,1,0.8363793453043518
3300,0,0,-1.0992774146867084
3301,0,0,-0.670863270477468
3302,1,1,0.5580771453242797
3303,1,1,0.5563470635173653
3304,0,1,0.47222582882985137
3305,1,1,1.2472678486437703
3306,1,0,-0.13005229937022283
3307,1,0,-0.13059252358934748
3308,1,1,1.1568049102974374
3309,0,0,-0.42040062959003965
3310,1,1,1.2233503512723556
3311,0,1,0.45157778843903634
3312,0,0,-1.0908353820891232
3313,1,1,0.7759030157357025
3314,1,1,1.0698859454587186
3315,1,1,1.2442588983670146
3316,1,1,1.2257073239400338
3317,0,1,1.3583267629989004
3318,1,0,-1.2949044495259163
3319,1,1,1.0473782618181293
3320,0,0,-0.9845551726123436
3321,1,0,-0.7090623988308469
3322,1,1,1.182340760355766
3323,0,0,-1.3085739935104668
3324,0,0,-0.5319649347328471
3325,1,1,0.40549057645158954
3326,1,1,1.4102054528119583
3327,0,0,-0.9662131870336881
3328,0,0,-0.7584107404252145
3329,1,0,-0.6948171893812349
3330,1,1,0.8071082706300232
3331,1,0,-0.667353792613733
3332,0,0,-0.23486803394416322
3333,0,0,-0.1984636040359452
3334,1,1,0.1348394043862709
3335,1,0,-1.0904335184475193
3336,1,1,0.4956806433243232
3337,1,0,-0.4862805382997928
3338,0,0,-0.5803195806489838
3339,1,1,0.8289152923395087
3340,1,1,0.5604399076164284
3341,1,1,0.8035103115991526
3342,0,1,0.17269768382058343
3343,1,1,1.1562012869385188
3344,1,0,-0.9022837144046607
3345,1,1,0.3725981199376808
3346,0,1,1.2660610147757743
3347,0,1,0.3698229551381453
3348,0,1,0.6058143267642442
3349,1,0,-1.5774962710844402
3350,1,1,1.4726863381544482
3351,0,0,-1.4306679389246486
3352,1,1,1.0272216555848341
3353,1,0,-0.9180787414031886
3354,0,1,0.9200333124632882
3355,0,0,-0.8545405014640701
3356,1,0,-0.2769027260363126
3357,0,0,-0.7144750442273244
3358,0,0,-1.2382870501725867
3359,1,1,0.26419343705331394
3360,0,0,-0.5095529249075211
3361,0,1,1.0194516919098893
3362,1,1,1.5546804610210647
3363,0,1,0.5491876809098664
3364,0,1,1.0758496026889572
3365,1,0,-0.4639543342237281
3366,0,1,0.3424895135467761
3367,1,1,0.7148964783187752
3368,1,1,1.1086323135247729
3369,1,0,-1.6088283273905466
3370,1,0,-0.9493061251950008
3371,0,0,-1.0502470305128597
3372,1,0,-0.4942158334644217
3373,0,1,0.9366249902270709
3374,0,1,0.6823123782098226
3375,1,1,1.0897375837886334
3376,1,1,1.0613391290226233
3377,1,1,1.0816795495034905
3378,1,1,0.40181238156012394
3379,1,1,1.1429608145231076
3380,0,0,-0.2685480285550863
3381,0,1,0.759494369338328
3382,1,1,0.05058091972888007
3383,1,1,0.9322824855878222
3384,1,1,0.0737522224670793
3385,1,1,0.7503754389467532
3386,0,0,-0.226135064047429
3387,1,1,0.29756634656691067
3388,1,1,1.0324388410403276
3389,0,1,1.0190328194505485
3390,1,1,1.0470207637173168
3391,1,1,1.2770108299943361
3392,0,0,-1.6518813390594929
3393,1,1,0.7391582939137893
3394,0,1,0.860118595602027
3395,1,1,0.21767463698459794
3396,1,1,1.1903654244563098
3397,0,0,-0.6780243425584351
3398,1,1,1.3274632388911591
3399,0,0,-1.1955566036492165
3400,1,0,-0.33510021874156315
3401,1,1,0.08721672619365767
3402,0,1,1.5957490740265268
3403,1,1,1.0692154955653805
3404,1,1,1.1526879680090374
3405,1,0,-0.6944596399338384
3406,0,1,0.050871102300435844
3407,0,0,-0.5839613098751869
3408,0,0,-0.6848063960763953
3409,1,1,0.24231856031642002
3410,1,1,1.092058890958298
3411,1,1,1.4394642972351108
3412,1,1,1.1495662775766253
3413,1,1,0.7554809851290067
3414,1,0,-0.11725007414525129
3415,1,0,-0.05349865221490713
3416,0,0,-0.19070110989045447
3417,1,1,0.64621829265852
3418,1,1,1.0805517238270288
3419,0,0,-0.16840081091881953
3420,1,0,-0.5695322667834319
3421,0,0,-0.5859786844171615
3422,0,0,-0.547526596714388
3423,1,1,0.9181896710405333
3424,1,0,-0.12029314475564928
3425,1,1,0.9311881790779648
3426,1,0,-0.621293435827095
3427,0,0,-0.19407854303714395
3428,0,0,-0.1852145161713613
3429,0,0,-1.3059486420024948
3430,0,0,-0.6241781671531963
3431,1,0,-1.0824681476643854
3432,0,0,-0.07488064144020001
3433,1,1,0.36031738106936545
3434,1,1,0.04186118588515103
3435,0,0,-1.6563748766717363
3436,0,0,-1.7254710956137558
3437,0,1,0.4250692323656489
3438,0,0,-0.09659445087317031
3439,0,0,-0.931398373082446
3440,1,0,-0.9995300769045996
3441,1,1,1.5162516646871547
3442,0,0,-1.0186335723283237
3443,1,0,-0.9416306915572472
3444,1,1,0.16951860415303982
3445,0,0,-0.017983636976216077
3446,0,0,-1.1345275490436344
3447,1,1,1.2188040706040437
3448,0,0,-0.5781807737431861
3449,0,0,-1.2657572353637832
3450,1,0,-0.3360567892128597
3451,1,1,0.11189988948933899
3452,1,1,0.438290072515162
3453,0,1,1.1832704026089578
3454,1,1,1.3047477345165088
3455,1,1,1.31020905185139
3456,1,0,-0.222717739092484
3457,0,0,-0.19718577326207987
3458,1,1,0.10061171956508769
3459,0,1,0.24404095150785748
3460,0,1,0.16359635528763677
3461,0,0,-0.3510288088888252
3462,0,0,-1.0896423983142287
3463,1,0,-0.6312860248308251
3464,0,1,1.2018817254124168
3465,0,0,-0.3943306225449316
3466,1,1,0.39471806744966337
3467,0,1,1.0775228890891553
3468,0,1,0.04299230825239336
3469,0,0,-1.6145546067774073
3470,0,1,0.6930801903151509
3471,0,0,-0.18445989624141595
3472,1,1,1.0032330945844494
3473,0,0,-0.615334831250312
3474,1,0,-0.5054023677604206
3475,1,1,0.7464879347422606
3476,1,1,0.16611889851601652
3477,1,1,0.3386865770458137
3478,1,1,0.8981375064813459
3479,0,0,-0.5849656080865882
3480,0,0,-0.18267256344267874
3481,1,1,0.8808963302800448
3482,1,1,0.45782621719497524
3483,0,1,0.4548119939095669
3484,0,1,0.4515916641370576
3485,0,0,-1.118581293468263
3486,1,0,-0.055865412391789826
3487,0,0,-0.5358848015811954
3488,1,1,0.3636461773603476
3489,1,0,-0.710869002391461
3490,0,0,-0.34342306111478227
3491,1,1,1.4643127156147642
3492,1,0,-0.9415013384108069
3493,1,1,0.5698321627382699
3494,0,1,0.37143524649505694
3495,0,1,0.7670932453149206
3496,0,0,-1.1468526528981653
3497,1,1,1.2739016753683052
3498,0,1,1.0684293008834136
3499,1,0,-0.45172246816292916
3500,0,1,0.5544563822997408
3501,0,0,-0.5826424941403795
3502,1,1,0.5613204080882581
3503,1,1,1.1623379045419784
3504,1,0,-0.33512338433309596
3505,0,0,-0.12866576711571004
3506,0,0,-0.6658657546927249
3507,0,1,0.16742097373832948
3508,0,0,-0.8231253021720103
3509,1,0,-0.21320446199647874
3510,1,1,0.4040861477611836
3511,1,1,0.5764079780336344
3512,1,0,-0.7108656919117445
3513,1,0,-0.83387135686601
3514,1,1,1.0515984835750376
3515,1,1,1.1108300133908275
3516,1,1,1.1770498145287243
3517,0,1,0.9392882379505878
3518,1,1,0.6728394801432007
3519,1,1,1.1353399256387082
3520,0,0,-0.7694580103028963
3521,0,1,0.5385361647303808
3522,0,1,0.002141376171462206
3523,1,0,-0.08821200323897349
3524,0,0,-1.415921409609785
3525,0,0,-0.008056252562539057
3526,1,1,0.37847310552783847
3527,1,1,1.5493545490691276
3528,1,0,-0.4473392204857133
3529,0,0,-1.0933155761514755
3530,1,0,-0.012817775666503273
3531,0,1,1.0331028358382437
3532,0,0,-1.3299946872241513
3533,0,0,-0.25616320961476324
3534,0,0,-0.34827831998008485
3535,1,1,0.04000370915958601
3536,0,1,0.5911344899688111
3537,1,1,1.1162836485345806
3538,0,0,-0.20406955060253817
3539,1,1,0.868520615505818
3540,1,0,-0.606526241957591
3541,0,0,-0.15142560096450192
3542,0,0,-0.1225708700928575
3543,0,1,0.08680835362946576
3544,1,1,0.8255160969580575
3545,0,0,-0.1536958704784414
3546,1,1,0.837236756372159
3547,1,1,0.645444605542211
3548,1,1,0.9428220404628915
3549,1,1,0.11599744002362727
3550,1,1,0.6174993738371533
3551,0,0,-0.1772719390042024
3552,1,1,1.2309968089053083
3553,1,1,0.5346370493122357
3554,0,1,0.9741021754343617
3555,1,0,-0.7575545263596226
3556,1,1,0.7971670403271529
3557,0,1,0.17102287849795444
3558,1,1,1.137712805808683
3559,1,1,0.9524847251326718
3560,1,1,0.7830623099804062
3561,0,0,-0.7821797194088307
3562,1,1,0.7884529231134065
3563,0,0,-0.8810152366222421
3564,1,0,-1.053723733139897
3565,1,0,-0.2005659022477102
3566,0,1,0.1421641918008399
3567,1,1,0.6920326795331797
3568,1,1,0.04946845780182846
3569,0,0,-0.25544957389409895
3570,1,1,0.02510956330840458
3571,1,0,-0.6043534367312892
3572,0,0,-0.6297007658890577
3573,1,1,0.7832546045164839
3574,1,1,0.46530690970118865
3575,0,0,-0.8948489626973215
3576,0,0,-0.4800838923542291
3577,1,1,1.2875608292610836
3578,1,0,-1.550139973890502
3579,0,1,0.5184388800031465
3580,1,1,1.287984003966503
3581,0,0,-0.9195054403102956
3582,0,1,1.2059461951293269
3583,1,1,1.3061532248144154
3584,1,1,0.027477309422319685
3585,0,1,0.8949745533461928
3586,0,1,0.39792182662108316
3587,1,1,0.2046395123819878
3588,0,1,0.25721698117573927
3589,1,0,-0.8589686441031326
3590,0,0,-0.2626442601724894
3591,1,0,-0.3153734697060277
3592,0,0,-0.7958504737964471
3593,1,1,0.6213385740223101
3594,0,1,1.0588278622759133
3595,0,1,1.0419461937864205
3596,1,0,-0.14410654518493993
3597,0,0,-0.9812207453863713
3598,1,1,0.36687871452636917
3599,0,0,-0.20514178400412625
3600,0,0,-0.5065806454250545
3601,0,1,1.2760828715481887
3602,0,0,-0.47755535629339046
3603,0,0,-0.5940939076772784
3604,0,1,1.1744061783382487
3605,1,1,0.7145302143623113
3606,1,1,0.5076095984106161
3607,1,1,0.37351160611017414
3608,1,1,0.9927673308312763
3609,1,1,0.6067478433722979
3610,1,1,0.861029594428919
3611,0,0,-0.5057306951750563
3612,1,1,0.6414386032398165
3613,0,1,0.5392629367326496
3614,1,0,-0.37038350797704345
3615,1,1,0.7820588058873543
3616,1,1,1.1572232546246188
3617,0,0,-1.1507268539913713
3618,1,1,0.00267948497534648
3619,1,1,0.953465093129332
3620,1,1,0.8004318059424855
3621,1,1,0.7769228621089654
3622,0,0,-0.45523167704088574
3623,1,1,0.12212237433081802
3624,1,1,1.0464218812753476
3625,1,1,0.9291803419598597
3626,1,1,0.3298018695996297
3627,1,0,-0.3172497502255069
3628,0,0,-1.5993984211624699
3629,0,0,-0.9143647074407087
3630,0,1,1.0166753676568805
3631,0,0,-1.0313483154944507
3632,0,1,0.6575832929188683
3633,0,1,0.015569781929988091
3634,1,0,-1.1074362352029579
3635,1,0,-0.8918355653174386
3636,1,1,0.8681798503043714
3637,0,1,0.5694137936799506
3638,1,1,0.9984983780278003
3639,1,1,1.1066209291987197
3640,1,1,1.0387013920424968
3641,0,0,-0.9301984290991538
3642,1,1,1.1411644138126973
3643,1,1,1.3985547579155324
3644,1,1,1.032968774814917
3645,0,1,0.04464255132069078
3646,1,1,0.5890062335740907
3647,1,0,-0.4586002214701804
3648,0,1,1.4158425923021016
3649,0,1,1.0850989329031986
3650,1,1,0.1144696628482989
3651,1,0,-0.8630127784433703
3652,1,1,1.3043349308327792
3653,1,1,0.9089358057042354
3654,0,0,-1.3682337905323356
3655,0,0,-1.2418612418095463
3656,0,0,-1.407780643632496
3657,1,1,1.170059131809952
3658,1,0,-0.8080064441025914
3659,1,1,0.7704855913654063
3660,0,0,-0.9178588963334511
3661,1,0,-0.20857853415587763
3662,0,1,1.0015920519046024
3663,1,1,1.0369838346790097
3664,0,1,0.7275432858171269
3665,1,1,0.648801121487875
3666,0,1,0.10422691050305805
3667,1,1,1.3404113349498417
3668,1,0,-1.0447748174224967
3669,0,0,-1.2686597195754108
3670,0,0,-0.1740754089042032
3671,1,1,0.7634290313795853
3672,1,1,1.6884308823522254
3673,1,1,1.128522743064156
3674,1,1,1.2178931032373197
3675,1,1,0.8769262747583109
3676,1,1,0.7018003908656552
3677,0,0,-0.6233540805843759
3678,1,1,1.2550065541241247
3679,0,0,-1.68816853713802
3680,0,1,0.8916653217990109
3681,0,0,-0.45003484272242655
3682,0,1,0.9721633299040731
3683,1,1,0.4045867505715615
3684,0,0,-0.8447186322235416
3685,1,0,-0.40364759885860624
3686,1,0,-0.647633464828562
3687,0,1,0.43370321681574137
3688,0,1,0.9470381064855715
3689,1,1,0.8740273310254771
3690,0,0,-0.357244739680179
3691,0,0,-0.41301874548844875
3692,1,0,-0.1978206711975224
3693,1,0,-0.6602741329536704
3694,1,0,-0.08192962599557552
3695,0,0,-0.5562906331930529
3696,0,1,0.3971261568138597
3697,0,1,0.6325261692078268
3698,0,0,-1.1805356192612115
3699,0,0,-0.06044242468127087
3700,0,0,-1.304569921129592
3701,1,0,-0.821152244494997
3702,1,1,0.04093730300748738
3703,0,0,-1.5469957962751506
3704,0,0,-1.0345737070363803
3705,1,1,0.47184830650380677
3706,0,1,1.3090609388130605
3707,1,1,1.0408324296765454
3708,1,1,0.9745810719958754
3709,0,1,0.13598600373445563
3710,0,0,-0.8452424804206691
3711,1,1,0.2862766849712813
3712,1,1,1.0230610061356096
3713,1,1,0.4811789818859525
3714,1,1,0.8382717496804313
3715,0,0,-1.2774687814140342
3716,1,1,1.5239821613580546
3717,0,0,-0.12252297261128281
3718,0,1,1.1553826422124647
3719,0,0,-0.7369582865109547
3720,1,1,0.41562339989599834
3721,0,0,-0.9993264824208505
3722,0,1,0.21348878962206735
3723,1,1,0.4595502738259741
3724,0,1,0.150992869431486
3725,1,1,0.7600156787035046
3726,1,1,1.1271581311331782
3727,0,1,0.08075859082629694
3728,1,0,-0.050050888536647686
3729,1,0,-0.6283241528852113
3730,1,1,0.5939942016041555
3731,0,0,-0.5176551643969126
3732,1,0,-0.20505298027797625
3733,1,0,-0.05854656870839592
3734,1,1,0.25824725969850365
3735,0,1,0.05148561978486993
3736,0,1,1.0027493489287054
3737,1,1,0.05181951458995976
3738,0,1,0.7345192030438843
3739,0,1,0.07875641624847357
3740,0,0,-0.3112033992476525
3741,1,1,0.8277331886582822
3742,0,0,-0.35592516098068994
3743,1,1,0.757525354039891
3744,1,0,-0.47081181552455575
3745,1,1,0.8739154492377923
3746,0,0,-1.1953775364833485
3747,1,0,-0.2311362224628331
3748,0,1,0.19452243639075045
3749,1,1,0.5410582696675812
3750,0,1,1.1496051964518061
3751,0,0,-0.41124236046980367
3752,1,0,-1.7371668657434784
3753,1,0,-0.41113936776743243
3754,0,0,-0.8056115339098646
3755,0,0,-0.9619935774784343
3756,1,1,0.46422777417692523
3757,0,0,-1.2941741828022126
3758,1,0,-0.47955917870846015
3759,0,0,-0.8920934114474637
3760,0,0,-0.5300020393454152
3761,1,1,1.3257715653316038
3762,0,1,0.7598239089780423
3763,1,1,1.072366888830568
3764,0,1,1.0547096253046901
3765,0,0,-1.4321751222710601
3766,1,0,-0.21218419819553302
3767,0,0,-0.8129585993593943
3768,0,1,1.00526225020868
3769,0,0,-0.058235700668818224
3770,1,1,0.24490652606021607
3771,0,0,-1.2801968143217688
3772,0,0,-1.5120029643105766
3773,0,0,-1.766848884890424
3774,0,0,-1.7966861790562154
3775,0,1,0.4047588824658764
3776,1,1,0.18708970035202316
3777,0,1,0.8017200452570958
3778,1,1,0.8854742678638492
3779,1,1,0.937567038063911
3780,0,0,-0.010637111959495293
3781,0,1,0.33331159256901305
3782,0,1,1.152837984324233
3783,1,0,-0.89691606176809
3784,0,0,-1.1109656417111204
3785,0,0,-1.3364054678530153
3786,1,0,-1.2772055267037188
3787,0,0,-0.811015858407313
3788,0,1,0.43254777741664713
3789,0,0,-0.19030546017986877
3790,0,0,-0.40192756945149766
3791,0,0,-0.09337003645115699
3792,1,0,-0.04998501852658571
3793,1,1,0.4464014469449576
3794,1,1,0.6249924380092633
3795,1,1,0.5568677600629022
3796,1,1,0.23693363630843273
3797,1,0,-0.8148880477011703
3798,0,1,0.1582739775031387
3799,1,1,1.0323637747108494
3800,0,0,-1.3650462814593296
3801,1,1,1.2472598461631526
3802,1,1,1.0711727742402257
3803,1,1,0.9309137482036873
3804,0,1,1.0187571438026675
3805,0,1,0.6741280980568021
3806,1,1,0.6858094039004192
3807,0,0,-1.0271507914684304
3808,1,0,-0.29309425942641415
3809,0,1,1.1744343231761554
3810,0,0,-0.861418984937278
3811,0,0,-0.7315357899018178
3812,0,1,0.9029885096890626
3813,0,0,-1.0664505715539556
3814,0,1,1.0238498409005727
3815,0,0,-1.08008410801986
3816,0,0,-0.16679282283517388
3817,0,0,-1.5532185071125144
3818,0,1,0.11094135620392614
3819,1,1,1.3753886503100465
3820,1,1,1.145049180761537
3821,0,0,-0.4457535808551971
3822,0,1,0.20949356481623532
3823,1,1,1.1010195881495715
3824,0,1,1.0674300966326453
3825,0,0,-1.0337469743022072
3826,1,0,-0.9107007687842352
3827,0,0,-1.2015427625288266
3828,0,1,0.11855619712665894
3829,1,1,0.2587925454257585
3830,1,1,1.17857674960772
3831,1,1,1.0673863835806918
3832,1,1,0.38362661002020243
3833,1,1,1.2455662167855888
3834,1,0,-1.3464348177081373
3835,0,0,-0.37154385327225053
3836,1,1,0.8167874885423843
3837,0,1,1.066010771085391
3838,0,0,-0.7712542722323432
3839,0,1,1.0904358340725844
3840,0,0,-0.028798814032492737
3841,0,0,-0.6013718228773877
3842,1,0,-0.35191619787378997
3843,0,0,-1.1654452773473787
3844,1,1,1.2086204779791097
3845,1,0,-1.0125047155570257
3846,1,0,-0.3778957285982799
3847,1,1,0.03725852826573145
3848,1,1,0.9353861335679705
3849,0,0,-0.9107656080855373
3850,0,1,1.1820867542279119
3851,0,1,1.2173821865168017
3852,1,0,-0.7278298579351046
3853,1,1,0.9072109573794367
3854,1,1,0.10572855109611295
3855,0,0,-1.6621893356934538
3856,1,1,0.5539848397816727
3857,0,1,0.7452652267345832
3858,1,0,-0.3448339280657775
3859,0,0,-0.13686171922340756
3860,0,0,-0.7352367128009334
3861,0,1,1.081731286201935
3862,0,0,-0.3410340535752717
3863,1,1,0.5490245536648841
3864,1,1,1.0232523312821658
3865,0,0,-1.1121171348889154
3866,1,1,1.0708175329076408
3867,1,1,0.9739517783351783
3868,1,1,0.1561103007637062
3869,0,0,-0.5581863130322532
3870,0,0,-0.8784532584910597
3871,0,1,0.36974855021204917
3872,0,0,-0.9597124942401742
3873,1,1,0.2601533463921782
3874,1,1,0.22113396992505147
3875,0,0,-0.993487934341204
3876,0,0,-1.3287357047927082
3877,1,0,-1.0857192938767108
3878,1,1,1.0684695382718707
3879,1,1,0.28556996381279004
3880,0,0,-0.7887619497309373
3881,1,1,0.7780861581657978
3882,1,1,0.08295729348912378
3883,1,1,1.2362422374983726
3884,0,1,0.9184469037098237
3885,1,0,-0.5411752064452322
3886,0,1,1.1979211031525363
3887,0,1,1.2764397893130368
3888,0,1,1.0713127233258823
3889,1,1,0.2417839645659539
3890,1,1,1.114498147428276
3891,0,0,-1.3849054533303855
3892,1,0,-1.094924596608426
3893,0,0,-0.6221395350011839
3894,1,0,-0.2270948507048326
3895,0,0,-0.9747385531552153
3896,0,0,-0.3482168910752932
3897,1,1,1.238758064904481
3898,0,0,-0.9966038212381756
3899,0,1,0.7841331164472951
3900,1,0,-0.3931482949389108
3901,0,1,0.28227540690327696
3902,0,0,-1.6040748398682627
3903,0,0,-0.6876953702060952
3904,0,1,0.5863961701446321
3905,1,1,1.2319426599134446
3906,1,1,0.6872408798105931
3907,0,0,-1.1065747418479135
3908,1,1,0.49974187475018844
3909,1,1,0.9218135246031318
3910,1,1,0.7451420305407925
3911,1,0,-0.3436722353164481
3912,1,1,0.9994388265652316
3913,0,1,1.0704379450514863
3914,0,1,0.8546955370374854
3915,1,1,0.6188701247481327
3916,0,1,0.8346076380372207
3917,0,0,-1.0785978316726856
3918,1,1,1.0381342934584512
3919,0,1,0.8795960210379774
3920,0,0,-1.5864094625913834
3921,0,0,-0.6482142698416677
3922,0,0,-0.5503298756237728
3923,0,0,-0.29058650007235465
3924,1,1,1.1440787901618907
3925,1,1,1.0163121596370124
3926,1,1,1.3317598527694716
3927,0,1,0.5834491690859298
3928,1,1,1.0241186071031152
3929,0,1,1.1157474602957662
3930,1,1,0.8587682401515002
3931,0,0,-1.4423849561374782
3932,0,1,0.8170377873909593
3933,1,1,1.3483214709151128
3934,0,0,-1.3413328742868986
3935,0,0,-1.3285060532135524
3936,0,0,-1.0284804317184209
3937,1,0,-0.17188756814441725
3938,1,1,0.9044490481653016
3939,1,0,-0.6213066698840328
3940,1,1,1.365448568582756
3941,1,0,-0.30426760446095613
3942,1,1,1.227355278313238
3943,0,1,1.065372455112216
3944,1,1,0.8932737445237398
3945,0,0,-0.6830285599141902
3946,0,1,0.3892749506192524
3947,1,1,0.1744648786944552
3948,1,1,0.7741798802879869
3949,0,0,-1.0825518712834685
3950,1,1,0.9940870147913832
3951,1,1,1.1398976070528188
3952,0,1,0.23933316698843848
3953,1,1,0.7099502964570397
3954,1,1,0.6850086253788628
3955,0,1,0.19800169657763717
3956,1,1,0.04946630965500559
3957,1,1,1.1046713954354348
3958,1,0,-1.3321893398078084
3959,1,1,1.0047287781112302
3960,0,0,-1.3970930710517016
3961,1,0,-0.19986054091913813
3962,0,0,-0.9222343824194161
3963,1,1,1.0478312518049864
3964,1,1,1.2788893790306735
3965,0,1,0.4501425821831035
3966,1,1,0.6521881547331068
3967,1,1,1.0096809191394678
3968,1,1,1.2643262249728815
3969,0,1,0.5183859767488146
3970,1,1,1.347329331964247
3971,0,1,0.524447490264869
3972,0,0,-0.7919919092279684
3973,1,1,1.1787580520822227
3974,0,1,0.196976762673242
3975,0,0,-0.49751774168277085
3976,0,0,-1.1251825906126283
3977,1,1,0.7166851849869962
3978,1,0,-1.077049552018508
3979,1,0,-0.6285149954163383
3980,0,0,-0.4914568178825238
3981,1,0,-1.0602790768874426
3982,1,1,1.052249732139019
3983,0,1,0.49470374634835595
3984,0,1,0.29573192867905834
3985,0,1,1.1730132469637127
3986,0,1,0.10216429261754817
3987,1,1,0.6174071909761931
3988,0,1,0.0731294990385078
3989,1,1,1.1057697994890425
3990,0,1,0.8150942560482102
3991,1,1,0.3248653725985608
3992,0,0,-1.617678088704372
3993,1,1,0.14992611770160752
3994,1,1,0.9875122163792565
3995,1,1,1.0850107046950674
3996,1,0,-0.8678826650417704
3997,1,1,1.3290415030673526
3998,1,1,0.5898785803627287
3999,1,1,1.3954159349459925
4000,1,1,1.2940543874530483
4001,1,0,-1.005582876034375
4002,0,0,-1.17849966905848
4003,0,0,-0.37683552219626615
4004,1,1,0.7457812108588746
4005,0,0,-0.844322374786671
4006,0,0,-1.4828661714536713
4007,1,1,0.053707343558724585
4008,1,1,1.1611325545700923
4009,0,0,-1.2350167672317727
4010,0,1,0.03776020460180202
4011,1,1,1.1165184371763348
4012,1,1,0.9908121857003394
4013,1,0,-0.32373489772645303
4014,0,1,1.2850584961608857
4015,0,1,1.314682337824509
4016,0,0,-0.5598774322910652
4017,0,0,-0.3145595993106555
4018,1,1,1.0134546695382718
4019,1,0,-1.3877968526934532
4020,1,1,0.6858245525419753
4021,1,1,1.0926282184828422
4022,1,1,1.015004197052666
4023,1,1,0.014895672557976136
4024,0,0,-0.39875837793728697
4025,0,0,-1.248564545884804
4026,1,0,-0.31380270162296664
4027,1,0,-0.8225212122694516
4028,0,0,-0.34450167431708534
4029,1,1,1.30161874731353
4030,0,0,-0.14087371700873247
4031,1,1,0.08075237558281817
4032,0,1,0.4075022480140525
4033,0,0,-0.7791690863298013
4034,0,1,0.49010491951020335
4035,0,1,0.17744966306076299
4036,0,0,-0.5013056796723498
4037,0,0,-0.18221766563145253
4038,0,0,-0.5103297600211959
4039,1,1,1.3581150553394885
4040,1,1,0.9727822843831508
4041,1,1,1.3164672472170207
4042,0,0,-0.8842885566742547
4043,0,0,-0.7875552586026429
4044,0,0,-1.085793510259365
4045,1,1,0.06834013543941503
4046,0,0,-0.8956549860460752
4047,0,0,-0.9827867108134334
4048,1,1,0.36692573482457064
4049,1,1,1.3020011579591975
4050,0,1,0.6874815920930093
4051,0,0,-0.7846901488822964
4052,0,0,-0.306859838609693
4053,1,1,1.0213887258698322
4054,0,0,-1.5302454093325135
4055,1,0,-0.3965793713759237
4056,1,1,1.2718023166868277
4057,0,0,-0.44122507676544076
4058,0,0,-0.14438429073767356
4059,1,0,-0.8822354708758138
4060,0,0,-0.5409622117965089
4061,1,0,-0.5518231569930026
4062,1,1,0.892474524941719
4063,1,1,0.4317302126709592
4064,0,0,-0.5614166096986849
4065,1,1,1.1512570491528973
4066,0,0,-0.027320091244791345
4067,0,1,0.2545792658917973
4068,1,0,-0.5680679580515908
4069,1,1,0.8573348799636726
4070,0,0,-1.7034032327209503
4071,0,0,-0.9832340957828798
4072,1,1,0.6869075961632387
4073,0,0,-1.1708589752082712
4074,1,1,1.1403479447177658
4075,1,0,-0.07670324911724608
4076,1,1,0.5821801766179331
4077,0,0,-0.7828324882092506
4078,1,1,0.5905153532588521
4079,1,1,0.9757286547631698
4080,1,1,0.9931591549132999
4081,1,0,-0.9268577218485239
4082,1,1,0.8312751902930557
4083,0,1,0.14473036537062894
4084,1,1,0.30582494594315784
4085,1,0,-0.35547110240675406
4086,0,0,-1.086755846868051
4087,1,0,-0.17370077569557957
4088,1,1,1.3389666016950643
4089,0,1,0.6784954799818457
4090,0,0,-0.927520013493433
4091,0,1,1.3726189126068342
4092,1,1,1.275058626702444
4093,0,0,-0.17422239682898594
4094,0,1,1.0298017514844044
4095,0,0,-0.1761624391246686
4096,0,1,1.1971968264015458
4097,0,0,-1.2370650131000753
4098,0,0,-0.39580975680151975
4099,1,1,1.7813084098769494
4100,0,1,1.0200073774760312
4101,0,0,-1.3409693558142983
4102,1,1,0.55399795959865
4103,0,0,-0.22518885251569432
4104,1,1,1.005389078010284
4105,1,1,1.149742396821562
4106,1,1,0.3173855490214688
4107,1,1,0.48693153710688325
4108,1,0,-0.20755900101534103
4109,0,0,-1.5793611294541325
4110,0,1,0.997455146942793
4111,1,1,1.1441222495954793
4112,0,0,-0.6696569322083556
4113,0,1,0.9236824963518586
4114,0,1,1.1298069756343714
4115,0,0,-0.4067053821251032
4116,1,0,-0.7804291667363514
4117,0,0,-0.35998223364042203
4118,1,1,1.1951904766666286
4119,0,1,0.7766975500078752
4120,0,1,0.18513870639439017
4121,1,1,1.2242962467554472
4122,0,0,-0.774774150598172
4123,1,1,0.5465946994028656
4124,0,0,-0.7736869063548273
4125,0,0,-0.04330101397761593
4126,1,0,-1.1184939948600274
4127,0,1,1.0298160156870713
4128,0,1,0.48322956554431024
4129,1,1,1.2601425024272095
4130,1,0,-0.457944844173366
4131,1,1,0.5862859889297831
4132,1,1,0.9776781946731337
4133,1,0,-0.3420180560643562
4134,0,0,-0.6573931806483799
4135,1,1,1.0162524241570154
4136,0,0,-0.6755582225216878
4137,0,0,-0.24532537707982943
4138,1,0,-0.007342483727182658
4139,0,0,-0.42356069711245736
4140,1,1,1.2901810743842792
4141,1,1,1.2641536990522673
4142,1,1,0.06077006231487164
4143,1,1,0.9294012775860665
4144,0,0,-1.309248371455862
4145,1,0,-0.2774242898675078
4146,0,0,-0.2776497072880846
4147,0,0,-0.9397186360138988
4148,0,0,-1.0849920265069688
4149,0,1,0.9908629418957531
4150,0,0,-0.7263375991421854
4151,0,0,-0.9382647176253902
4152,1,1,1.0092027992573296
4153,0,0,-1.4367204529976911
4154,1,0,-0.8729762280807885
4155,1,0,-0.22743456960498346
4156,1,1,1.085505052396361
4157,0,1,0.02324745711021159
4158,1,1,0.41239002952515286
4159,1,0,-0.17956760603170435
4160,0,0,-0.6931249894360778
4161,1,0,-0.5325243913483205
4162,0,1,0.17098532387365145
4163,0,1,0.06535675945405389
4164,0,1,1.0539140899223178
4165,0,0,-1.5176554577535248
4166,1,0,-0.6498988665866654
4167,0,0,-1.1075869217725176
4168,1,1,1.1032879300381873
4169,0,0,-0.9909257231749975
4170,0,1,1.2567677190420867
4171,1,1,0.7847935942944368
4172,1,1,1.1952298749851624
4173,0,0,-1.0410159231111864
4174,0,0,-1.075832514289382
4175,1,0,-0.12705007467606766
4176,1,1,1.2967073607955155
4177,1,0,-0.9303279776408779
4178,0,0,-1.7803180184608212
4179,0,0,-1.0307041862705018
4180,1,1,0.9873178081788068
4181,1,0,-0.010221970554063653
4182,1,1,1.0920863768159526
4183,0,1,0.6880702005601775
4184,1,1,1.1322809267677816
4185,0,0,-0.24933201513290898
4186,1,1,0.401069072711793
4187,1,1,1.0144761295245135
4188,0,1,0.12965629122112993
4189,1,0,-0.26767774217991025
4190,1,0,-0.6835389566175525
4191,1,1,0.8715822967977584
4192,0,0,-0.6889989926085143
4193,0,0,-0.7036479519449779
4194,0,0,-1.4847899989735724
4195,0,1,1.0378613657538514
4196,1,1,1.0910244183717295
4197,1,1,1.0571677807906257
4198,0,0,-0.0036861454652563075
4199,1,0,-1.4377088811327914
4200,0,0,-1.1015020722464532
4201,0,0,-1.0856319373832743
4202,0,1,0.8835041466837108
4203,0,0,-0.05763459722797015
4204,1,0,-0.6038163570680188
4205,0,1,0.4103786267073017
4206,0,0,-0.46041563532510793
4207,1,1,1.0523712026921397
4208,1,0,-0.603527342433239
4209,1,0,-1.0044705290031026
4210,0,0,-0.7253595486862541
4211,1,1,0.9902753455610191
4212,1,1,0.5303024512248562
4213,0,0,-0.9391869995640858
4214,0,0,-0.8893064106630202
4215,1,1,0.9801012535972626
4216,1,1,1.0299569699874658
4217,1,1,0.6991269796566628
4218,0,1,0.11988191633622441
4219,1,1,1.294909620977064
4220,1,0,-0.43026134799786964
4221,1,1,0.6598208543566604
4222,0,1,0.11303059438960122
4223,0,1,1.2378502669090314
4224,1,1,1.096920579499932
4225,0,1,0.2945801743380874
4226,0,1,0.20350628158801515
4227,0,0,-0.11710509040223288
4228,1,1,0.9679926125996281
4229,1,1,0.6703332295020317
4230,0,0,-0.7152177854437316
4231,1,1,1.3369601915808362
4232,1,1,0.203591948464027
4233,1,1,0.7956009382903126
4234,0,1,0.8539343046701255
4235,1,0,-1.680880010526197
4236,1,0,-0.29909446224960523
4237,0,0,-1.2185923854802052
4238,1,0,-0.103513421047844
4239,1,1,0.9340166383813198
4240,0,0,-1.2017005781349
4241,1,1,0.3549226892632183
4242,1,0,-0.30369387632582856
4243,0,0,-0.6181166869886279
4244,0,0,-1.1292213845319836
4245,1,1,1.260195920314152
4246,0,0,-0.5699139285076978
4247,1,1,0.8035764315375498
4248,1,0,-0.04176737942630965
4249,0,1,0.36997998598167464
4250,1,0,-1.232755561004726
4251,0,1,1.0519379530272936
4252,0,1,0.4766612674977477
4253,1,1,0.540199963604155
4254,1,0,-0.09905661209516836
4255,0,0,-0.288571559853273
4256,1,0,-0.728366327558694
4257,1,1,1.1948983645313398
4258,1,1,1.1956966926296544
4259,1,1,1.192580237551018
4260,1,1,0.9863143181517153
4261,1,0,-0.9113257749515453
4262,1,0,-1.0530355168265912
4263,1,1,1.1318969133709367
4264,0,0,-1.1779185397894791
4265,0,1,0.05621867499773375
4266,1,1,0.8047641398724532
4267,1,1,1.1599263003746658
4268,1,1,0.07159964231057075
4269,1,0,-1.2379852167056038
4270,0,1,0.08043129436937618
4271,1,1,0.23671277206238978
4272,1,1,1.0198693878813025
4273,1,1,1.1611775393242514
4274,1,1,1.0004692935312918
4275,0,1,0.5944454348392956
4276,0,0,-1.1676755804528705
4277,0,0,-0.39462907519124496
4278,0,0,-1.3428635997938747
4279,1,1,1.0406069791827202
4280,1,0,-1.2335141684496975
4281,1,1,1.0557139096528458
4282,1,0,-0.42578223081228667
4283,0,0,-0.6233283034998446
4284,0,1,1.447252270533327
4285,1,1,0.9430082021961841
4286,1,0,-1.056080518673568
4287,0,1,0.5945465368865677
4288,1,0,-1.1245914129904537
4289,0,1,0.22949259967575658
4290,1,1,0.982515522627337
4291,0,1,0.6931600846799044
4292,0,0,-0.19612183940567146
4293,0,0,-0.36140504503704923
4294,1,0,-1.5727764581642787
4295,1,1,0.26364747095691127
4296,0,1,0.26416410058418266
4297,1,1,1.4802769402833653
4298,0,0,-0.3686606579866855
4299,1,1,0.5668965720480053
4300,1,1,0.5702999079654332
4301,1,0,-0.24105604296800495
4302,0,1,0.8773518386754069
4303,1,0,-0.8343699658129724
4304,0,1,0.7875654436087509
4305,1,0,-0.19980449995015537
4306,1,1,0.7328460692865197
4307,1,1,0.973888824212795
4308,1,1,1.4697607899190432
4309,0,0,-1.2381706123861578
4310,1,0,-0.6482956109679017
4311,1,1,0.6763078586112581
4312,0,1,0.07642722849751254
4313,0,0,-1.1741398085953612
4314,1,1,0.1097639330937425
4315,1,0,-1.188699103660372
4316,0,0,-0.8605775061216001
4317,1,0,-0.4024492132439126
4318,0,0,-0.6729197687511083
4319,1,1,1.4424524868669324
4320,0,1,1.1507416830538593
4321,0,0,-1.1297926425604778
4322,1,0,-0.7259906159983509
4323,1,0,-0.41862760818572264
4324,1,0,-0.6638357667345244
4325,0,1,0.2505475551616379
4326,1,0,-0.24994590957086538
4327,0,1,0.7501519635779821
4328,1,1,0.7940093684119569
4329,0,1,0.0265599813923732
4330,0,0,-0.8795741209533725
4331,1,1,0.9564892855046614
4332,1,0,-0.4653904123340063
4333,0,1,1.2376481690113323
4334,1,1,1.3280993827322145
4335,1,0,-0.5640995106448925
4336,0,0,-1.3201764342346105
4337,1,1,1.0515537075347698
4338,0,1,0.1755851035815334
4339,1,1,0.2957347853350036
4340,1,1,0.9910997204275724
4341,0,0,-0.08318788113167835
4342,1,0,-0.3058602441648331
4343,1,1,1.0763118863168917
4344,1,1,0.7686330253724825
4345,0,1,0.23265086464248547
4346,0,0,-0.45780072853380305
4347,1,0,-1.2472436821581694
4348,1,1,1.0732630325625996
4349,0,0,-1.1898995644554695
4350,1,1,1.3154464815635758
4351,0,1,0.12077764618968462
4352,0,0,-1.0564808191374677
4353,0,0,-0.9338056189061508
4354,0,1,1.2360123665642244
4355,0,1,1.5286860881264606
4356,0,0,-0.9024019171457557
4357,1,1,1.1022575083791946
4358,0,0,-0.5577166491297703
4359,0,0,-1.2125806955881944
4360,0,0,-1.000571870378718
4361,1,1,1.1027759150762444
4362,0,1,0.1568819025148565
4363,0,0,-0.5190344073140037
4364,1,1,1.2194934888958535
4365,0,1,0.4469622954738223
4366,0,0,-1.1784836418141609
4367,1,1,0.7683947452281106
4368,0,0,-0.03869578189713191
4369,0,1,0.9737396757995982
4370,1,0,-1.3460674100108345
4371,1,1,0.369604507195278
4372,0,0,-0.05441444246197308
4373,1,1,1.612604498109453
4374,0,1,1.0298036049257495
4375,0,0,-0.2690413947738266
4376,1,1,0.9732920844726427
4377,0,1,1.1228699898226366
4378,0,1,0.27926404460761894
4379,1,1,0.17845204071020732
4380,1,0,-0.6968015531424894
4381,1,1,0.9418186403727558
4382,1,1,0.39280772178148243
4383,0,0,-1.0873759061953256
4384,0,1,0.9449939573049493
4385,1,1,0.8268061466132439
4386,0,0,-0.3416125755874721
4387,1,1,0.9747631593050077
4388,0,0,-0.3087553603689208
4389,0,0,-1.3873372029450084
4390,0,1,0.540585314071127
4391,0,0,-0.9376798087580265
4392,1,1,0.992709504486569
4393,1,1,1.122146764729818
4394,0,0,-0.7775130687400174
4395,1,0,-0.95274885516129
4396,1,0,-0.5129125388149727
4397,1,1,1.3229040085711588
4398,1,1,1.1275085500224662
4399,1,1,0.7293263972163171
4400,0,0,-0.969496551574939
4401,0,1,0.016289860809926615
4402,1,1,0.9276768414601106
4403,0,0,-1.1394940715782798
4404,1,1,1.0637328670442803
4405,1,1,0.7860159018790547
4406,0,1,0.16321387674327753
4407,0,1,1.2789543928489855
4408,0,0,-0.2955892296804258
4409,0,1,0.31463586317482856
4410,1,1,0.9145249602564158
4411,1,0,-0.06680530582374161
4412,1,1,0.3109830695431896
4413,1,0,-0.8806106086885839
4414,0,0,-0.6313159215012721
4415,0,0,-0.9196367914158263
4416,0,0,-0.9431502929395037
4417,1,0,-0.013371806830178301
4418,1,1,0.7081543581635088
4419,0,1,0.8436039917698974
4420,0,0,-0.5948703611389724
4421,1,1,0.34716310888129626
4422,0,1,0.7642215237372239
4423,1,1,0.7244341715207967
4424,1,1,0.9786909610713095
4425,0,0,-1.4332170124057408
4426,0,0,-1.083279413531286
4427,1,1,0.7099347018785178
4428,0,0,-0.9906011759186706
4429,1,1,0.9252385157005287
4430,0,0,-1.013757561738644
4431,1,1,0.10138650903125007
4432,0,0,-0.774368678484649
4433,1,1,1.0147475352624382
4434,1,1,0.1779916402542004
4435,1,1,0.6008971064608757
4436,0,1,0.1352779109657199
4437,0,0,-0.15931240968874
4438,0,0,-0.6287939099363657
4439,1,1,1.2297427458309198
4440,1,1,1.0947019658708848
4441,0,1,0.7710071364389224
4442,0,0,-0.24661374418420645
4443,1,1,0.48118010195527733
4444,0,0,-0.9536698598200355
4445,0,1,0.9112630947256566
4446,1,1,1.1358982704583316
4447,0,1,1.095367886134262
4448,0,0,-1.0883173223270788
4449,1,1,0.35171378819219995
4450,0,0,-0.5549945462161167
4451,0,1,0.6864185547919168
4452,1,1,0.2985535919894318
4453,1,1,0.6292410384824443
4454,1,0,-1.2789316870483545
4455,1,1,0.9110956449595253
4456,1,1,0.46420819772273997
4457,1,1,0.14825765094617754
4458,0,1,0.966562813154038
4459,0,0,-0.2629577394568952
4460,1,0,-0.11464582057449307
4461,0,0,-0.3246191284396155
4462,0,0,-0.9430235249325849
4463,0,0,-1.2573408307486802
4464,0,0,-1.310870658860321
4465,1,1,1.3195211450451847
4466,0,0,-0.43823977652525603
4467,1,0,-0.21612677869528396
4468,1,0,-0.7180402528341014
4469,1,1,0.7671336068059362
4470,0,1,0.259693494117417
4471,1,1,1.2050150424355057
4472,1,1,0.48857373639750773
4473,0,0,-0.1572419838922045
4474,1,1,1.0684387769670216
4475,0,0,-0.7402432834928576
4476,0,1,0.3195092470141591
4477,1,1,0.8805645894133152
4478,0,1,0.8839772661662375
4479,1,0,-1.1507735504102374
4480,1,1,1.454063958646561
4481,1,1,0.9735914792455851
4482,0,0,-0.1310628165820646
4483,0,0,-0.011590095815895374
4484,1,0,-1.2682432597448714
4485,1,0,-0.47777364510673376
4486,0,0,-1.0411454187814309
4487,1,1,0.4640604939038107
4488,0,0,-0.26556579171326217
4489,0,0,-0.8409644266142768
4490,1,0,-0.05507611328118073
4491,1,1,0.35486343934389125
4492,0,0,-0.6129323338876449
4493,1,1,1.1631957771925483
4494,0,1,0.24140392290807683
4495,0,1,1.0202546991609134
4496,0,0,-1.3005777868628727
4497,1,1,1.1016830857895328
4498,0,0,-0.002491697446648067
4499,1,1,1.0378779807532286
4500,1,0,-0.5061393763377358
4501,1,1,1.310762817084296
4502,0,0,-1.1228862394723975
4503,0,1,0.6613141142646648
4504,1,1,1.4730817095168882
4505,1,0,-1.1116220691386423
4506,0,0,-0.3809269919492568
4507,1,0,-0.47521536061836434
4508,1,1,1.0202560940769663
4509,1,1,1.1625336991033277
4510,1,1,0.8179244196370321
4511,1,1,0.8709941995034374
4512,0,1,0.03243313144716492
4513,0,0,-0.6253865841379493
4514,0,0,-0.24075063427363813
4515,0,0,-1.2851403463325035
4516,0,1,1.0532440376559429
4517,0,1,0.43979990424620136
4518,1,1,0.09953740419138685
4519,0,0,-0.45228398659961244
4520,1,1,1.330426262603555
4521,0,0,-0.3387379862416052
4522,1,0,-1.045203258578282
4523,1,1,0.6923560091487311
4524,1,0,-0.5431624052537816
4525,0,0,-0.1733644373666356
4526,1,0,-0.7536856748545865
4527,0,0,-1.1748632974564817
4528,1,0,-0.38122656817981354
4529,0,0,-1.3846636731718163
4530,0,1,0.2827995850130807
4531,0,1,0.0957854570023125
4532,1,1,0.43395239632543686
4533,0,1,0.7635628082752048
4534,0,1,0.8900676438405442
4535,0,0,-0.5493255395540012
4536,1,1,0.1966836400344823
4537,1,1,0.12166316630733082
4538,0,0,-1.4659678151126605
4539,1,0,-0.7148352511617917
4540,1,1,1.1055431809161387
4541,1,0,-0.03398607362229411
4542,0,0,-0.3365516787879657
4543,0,1,0.7298030639573021
4544,1,1,0.015777040668563502
4545,0,1,0.14292960666886095
4546,0,0,-1.9693079529625954
4547,0,1,0.7330961367247306
4548,1,0,-1.1287811966791605
4549,0,1,0.6524693748246504
4550,0,1,0.2418240654843425
4551,0,0,-1.0750356981480649
4552,0,1,0.7668002457499847
4553,1,0,-0.48542964026443636
4554,1,1,0.27247261689994845
4555,0,0,-1.1748643247577268
4556,1,1,0.7526120854496021
4557,1,1,0.01986204514261264
4558,1,0,-0.14883759951524006
4559,0,0,-0.8006467858035236
4560,0,1,0.009649254406460639
4561,1,1,0.006462473096122079
4562,0,1,0.9900257558004362
4563,1,1,0.1920156486919447
4564,1,1,0.8866177472344403
4565,0,0,-0.7877776471298668
4566,1,0,-0.3124819146267105
4567,1,1,0.7488894274838953
4568,1,1,0.774839242015712
4569,1,0,-0.5467879196284295
4570,1,1,0.6636811789239516
4571,0,0,-0.8788511550810996
4572,1,1,0.9363893481783787
4573,1,1,0.7034760351842813
4574,1,1,0.5418077530201515
4575,1,1,1.2413166101180015
4576,1,0,-1.4675761175874635
4577,0,0,-0.16169368132271916
4578,1,1,0.04082617201329336
4579,0,0,-0.27914958908869764
4580,0,0,-1.6168728147522007
4581,1,1,0.6763669694998051
4582,0,0,-1.0945043327022945
4583,1,0,-0.7400075919305651
4584,1,0,-1.130632179553994
4585,0,1,1.4431635775872382
4586,1,1,0.3959139882716705
4587,1,1,1.052469366452298
4588,1,0,-0.33085748718684516
4589,1,1,1.0586719788864976
4590,1,1,1.1652442132054215
4591,0,0,-0.1961932616977472
4592,0,0,-1.2046653796000435
4593,1,1,1.054564914538529
4594,1,1,1.063757896026583
4595,1,1,1.0628237449985052
4596,1,0,-0.8778025570575615
4597,1,0,-0.9559168804187458
4598,1,1,0.4314435084087221
4599,1,0,-0.5158443186076623
4600,0,1,0.08980028539560364
4601,0,0,-1.3994832785843734
4602,1,1,0.513913466363741
4603,1,0,-0.9872836476895721
4604,1,1,1.2551612428932668
4605,1,1,1.298114515571744
4606,0,1,1.0481784808419548
4607,1,1,1.0357057573675088
4608,1,0,-0.8350752444650442
4609,1,0,-0.5345627454971253
4610,1,1,0.020459222967259272
4611,0,1,1.1000006400872693
4612,1,0,-0.422871775604198
4613,1,0,-0.2345939855062985
4614,1,0,-1.2887574749972996
4615,1,0,-0.21628657065289691
4616,0,0,-1.5537814079709464
4617,0,0,-0.5086522776914761
4618,0,0,-1.0261213270183143
4619,0,0,-0.6433119611503448
4620,1,1,0.23812851221251846
4621,0,1,0.8272739125311805
4622,1,1,0.4890135511240113
4623,1,1,0.5745046460196885
4624,0,0,-0.28778102534799727
4625,0,0,-0.8240725824019206
4626,1,0,-1.0731074060823143
4627,0,0,-0.7912841710266872
4628,0,0,-0.41098482153044685
4629,0,1,0.9041142556677966
4630,0,0,-0.6959416807410067
4631,0,0,-0.14524451928010235
4632,0,0,-0.0043488754270413765
4633,0,0,-0.341986909702129
4634,1,0,-0.20074579150017924
4635,1,1,0.35174424882332095
4636,1,1,1.2233672852493243
4637,0,1,1.1396487149934664
4638,1,1,0.8241366644552026
4639,0,1,0.540705626994809
4640,1,1,1.1784553032233682
4641,0,0,-0.7459555728676854
4642,0,0,-0.49810272931258937
4643,0,1,0.5073648498750605
4644,0,0,-0.8890920696624949
4645,0,1,0.07241459879695272
4646,1,0,-0.9393997315362576
4647,1,1,1.1011454161245045
4648,0,0,-0.5786662581694383
4649,0,1,0.17128397714880922
4650,1,1,0.10116324508894997
4651,1,0,-0.019654297045322455
4652,0,0,-0.739214058975662
4653,1,1,0.4884823239174449
4654,1,1,0.9672919215523941
4655,0,1,0.2558647806985536
4656,0,0,-0.7016049224254328
4657,1,1,0.042742425634878456
4658,1,1,0.5592196302576076
4659,0,0,-0.46211187431114287
4660,1,1,0.302784229422489
4661,1,0,-0.07286509950488018
4662,1,0,-1.1919997079782156
4663,0,0,-0.9307853320614514
4664,0,0,-1.1684991257585657
4665,1,1,1.2731272467144918
4666,0,0,-0.7965045939157671
4667,0,1,1.0122131801685499
4668,1,0,-0.15206214748420294
4669,0,1,0.9904068462863762
4670,0,0,-0.7399813892496614
4671,0,0,-1.593927308861502
4672,1,0,-1.0784659385342845
4673,1,1,0.2630415457435514
4674,1,1,1.1858564591821168
4675,1,0,-0.9249065350654987
4676,1,1,1.3777893415621532
4677,1,1,0.4021092526661613
4678,1,0,-1.802209730268196
4679,1,1,0.8338838608782406
4680,1,1,0.2609351736817936
4681,1,1,0.7135126430188263
4682,0,0,-1.1280643466526512
4683,1,0,-0.09984881301438481
4684,1,1,1.0649839561604757
4685,1,1,1.3783179412496067
4686,0,0,-1.5894664299341146
4687,0,1,0.6969814746850314
4688,0,0,-0.22137786066498943
4689,0,0,-1.3372356561558454
4690,1,1,0.578061462980695
4691,0,1,1.2022201161815387
4692,1,0,-0.21345620049458724
4693,0,0,-0.9797529153217719
4694,0,0,-0.7251966038794804
4695,1,1,0.21487931799824106
4696,1,1,1.2503328190647334
4697,1,1,1.033936183546382
4698,0,0,-0.16855359001010378
4699,1,1,0.15443232675846358
4700,1,0,-0.2755689639270375
4701,1,1,0.29600407784248134
4702,0,0,-1.241145630240931
4703,1,1,0.5327062352037757
4704,0,0,-1.4282774052633964
4705,1,1,1.0875925282067351
4706,0,0,-0.9756663987392675
4707,1,0,-0.28377184900885744
4708,1,1,1.2827233560007156
4709,1,0,-0.7451518025538013
4710,0,1,1.0656484938328183
4711,0,1,1.1347587490794513
4712,0,1,0.33221346605493723
4713,1,0,-0.6069677484220276
4714,0,1,1.26233803553051
4715,0,0,-0.5886730077267994
4716,0,0,-0.6072399143459346
4717,1,1,1.2520196367976602
4718,0,0,-1.8306410200604246
4719,1,0,-1.2751971495871004
4720,0,1,0.13661507923349142
4721,1,1,0.21821433363465798
4722,0,1,0.43371993471085274
4723,1,1,0.9439596581886345
4724,1,0,-0.29680160454600996
4725,0,1,0.8501114668206724
4726,0,0,-0.901804744648363
4727,1,0,-0.38850204374849157
4728,0,1,1.259221108183804
4729,0,1,0.19723473238395633
4730,1,1,0.23526009731131275
4731,0,0,-0.442303084671004
4732,0,0,-1.4921598522435287
4733,0,0,-1.0078253107067692
4734,1,1,0.3159015309766637
4735,1,0,-1.0691239413163833
4736,0,0,-0.47372873500265933
4737,1,1,1.3157083237006213
4738,1,1,0.872644214443981
4739,1,1,1.0053233915564923
4740,1,1,0.9261817395289769
4741,1,1,1.4009743848501377
4742,1,1,1.1315978491113086
4743,0,0,-0.9694442724869499
4744,0,1,0.20828046807460626
4745,1,0,-0.13834268242542852
4746,1,0,-0.9371855781107268
4747,0,0,-1.441195714738988
4748,0,0,-1.065339489494647
4749,0,1,0.3506061844424187
4750,1,0,-0.12672178321256805
4751,1,0,-0.4849978136780354
4752,0,0,-0.07409382811904447
4753,1,1,0.6974082661617778
4754,1,0,-0.5199784658351719
4755,1,0,-0.2848775232747017
4756,1,1,0.9042134252769369
4757,0,1,0.14218101299369695
4758,0,1,0.6124899482209551
4759,1,1,1.0026553250457066
4760,1,1,0.45090346029104483
4761,1,0,-0.7207325348237816
4762,0,0,-1.1493648002076626
4763,1,0,-0.7121658888381329
4764,1,0,-0.5696335103367116
4765,1,1,1.5438589616339935
4766,1,0,-1.1816786309187906
4767,0,0,-1.757449718856417
4768,0,0,-0.4051176275924032
4769,0,0,-1.0696702812711558
4770,1,1,1.4502275348517213
4771,1,0,-1.012335228138993
4772,1,1,1.044733245292216
4773,0,1,0.7439026613352124
4774,1,0,-0.12555175628780318
4775,1,1,1.2212420465177556
4776,1,0,-1.0732830661823505
4777,0,0,-0.8204428681393829
4778,1,1,0.5118483958769038
4779,0,0,-0.7887294488080825
4780,1,1,1.154715710411396
4781,0,0,-0.25451684339485475
4782,1,0,-0.46606046437647264
4783,0,0,-0.7224616288831948
4784,1,0,-0.21651642293901535
4785,1,0,-0.8614628355997371
4786,1,1,0.9665654527587026
4787,0,1,0.986126164609517
4788,0,1,1.2201684671935693
4789,1,0,-0.3512817703763236
4790,0,0,-0.5872252471347277
4791,1,1,1.0418708922903321
4792,1,1,0.7316555983193664
4793,1,1,0.5670854712580187
4794,0,0,-0.8365834337962661
4795,1,1,0.8100588847158032
4796,1,0,-1.3213458873164774
4797,1,1,1.1886794494439386
4798,1,1,1.1173303464272433
4799,0,0,-0.696102690613605
4800,1,0,-0.5532057002635462
4801,0,1,0.0911146732301486
4802,0,0,-0.13331963528639162
4803,1,0,-0.5798614380894701
4804,0,0,-0.7243209681153799
4805,0,1,1.0032631995441954
4806,0,0,-0.04329229157053088
4807,0,0,-0.4881048843235244
4808,1,1,0.4820531424491042
4809,1,0,-0.36646974339224914
4810,0,1,0.6636170574938367
4811,1,0,-0.3501772559956685
4812,1,0,-1.6142667415108312
4813,0,0,-0.34689268062804796
4814,0,1,1.1648861141182092
4815,0,1,0.9420250515067476
4816,0,1,1.115059647575849
4817,0,0,-1.2290315811008776
4818,0,0,-1.0331434002767343
4819,0,1,0.8026643022338735
4820,1,0,-0.6191926857713854
4821,1,1,1.1776477682755226
4822,1,1,0.9116820079262964
4823,1,1,0.9783435942854468
4824,0,1,0.2653713031680394
4825,0,0,-0.07460590064084244
4826,1,1,0.32625920709041983
4827,1,0,-0.7691215150319952
4828,1,1,0.9941612935006141
4829,0,1,0.5903870430955755
4830,0,0,-1.5335982867311346
4831,1,0,-0.388225559277981
4832,1,1,1.290678027312212
4833,0,0,-0.3277514093103442
4834,1,1,1.0858683386534715
4835,0,1,0.5481652203872425
4836,0,1,0.23461413865382436
4837,0,1,0.22255763854329785
4838,1,1,0.2941627907085996
4839,1,1,1.1753959232475388
4840,1,1,1.0868568468956545
4841,0,0,-1.5248573610582328
4842,1,1,0.9560082053812915
4843,0,0,-0.19839067459620324
4844,1,1,1.064038138012637
4845,0,0,-0.3677642974329957
4846,1,0,-0.6095169096332214
4847,0,0,-0.9929941981629347
4848,0,0,-1.1598152024547588
4849,0,0,-1.0503926311651361
4850,0,0,-1.2556683066432748
4851,1,1,1.2702312031720646
4852,0,0,-1.0900744507449238
4853,1,1,1.016959586878838
4854,0,0,-0.9207767994493548
4855,1,1,1.2286705344465914
4856,0,1,0.11439726034339565
4857,1,1,0.8042257885998629
4858,0,1,0.35942243958699244
4859,1,1,0.0652614035979106
4860,0,0,-0.6660632391045398
4861,0,1,0.20510930682929313
4862,1,0,-0.7997968595801255
4863,0,0,-1.065480281388313
4864,1,1,0.7099310401281347
4865,1,1,1.0383655071215536
4866,0,0,-0.17880387190121344
4867,0,1,1.1647003862581575
4868,0,0,-1.070348084999092
4869,0,0,-0.9652228625648378
4870,1,0,-0.28003959943040624
4871,0,1,0.7030676831984477
4872,1,1,0.46053009573787035
4873,1,1,1.1099707304694264
4874,1,0,-1.1125779413097487
4875,0,1,0.33921792966842773
4876,0,1,0.1986903585830882
4877,1,1,0.9130712341869884
4878,1,1,1.4676680941736882
4879,0,1,0.13350701130855763
4880,0,0,-0.1363376332979806
4881,1,0,-0.18009618966269486
4882,1,1,0.9762310075338123
4883,1,1,0.08368743739854728
4884,1,1,0.9809835769663127
4885,1,1,1.0607170591510007
4886,0,1,0.8653646915771911
4887,1,1,0.5982474133243694
4888,1,0,-1.351741030088473
4889,1,1,0.5335482444827975
4890,0,0,-0.40688872157973877
4891,0,0,-1.0665929643747667
4892,1,1,1.3837759220472996
4893,0,0,-0.3718505730157332
4894,0,0,-0.16086039792658907
4895,0,0,-0.9687216327377743
4896,1,1,0.36397064146994756
4897,0,1,0.18759669880341173
4898,0,1,1.323098194599044
4899,1,0,-0.5273010604164129
4900,0,0,-0.21284768687552397
4901,0,0,-0.9177300524199085
4902,1,1,1.3774041353108446
4903,1,0,-0.6590187359368949
4904,0,0,-0.7251059216416859
4905,1,1,1.4449650303825006
4906,1,1,0.751257973799847
4907,1,0,-1.031611241105542
4908,1,1,1.0043679485752406
4909,0,0,-1.1204512265313018
4910,1,0,-0.46312160352282117
4911,0,1,0.30851744685428956
4912,0,1,1.2075424845012293
4913,1,1,0.17136654861909745
4914,1,1,1.3278393470129133
4915,1,1,0.9367075212923099
4916,1,1,0.8930775143899141
4917,0,1,0.6180319947616435
4918,0,0,-0.8343047720457615
4919,1,1,1.2440627439082186
4920,0,0,-0.556068805933674
4921,0,1,0.2510454741044494
4922,0,0,-0.8586448143741978
4923,1,0,-1.5058103530332796
4924,0,1,0.7094900499092522
4925,0,1,0.9171348733996474
4926,1,1,0.9338054631473407
4927,1,0,-0.3019449624499949
4928,0,0,-0.9596494491628248
4929,0,0,-1.2426216622971458
4930,1,1,0.9404917179151802
4931,0,0,-1.341145721346179
4932,1,1,0.8972704612305824
4933,0,0,-0.5130265827375774
4934,0,1,0.9639218516248611
4935,0,1,0.021468173903148424
4936,0,0,-0.10924529758752649
4937,0,1,0.7667096276602643
4938,1,1,1.1037362532567423
4939,0,0,-0.5707372302326785
4940,1,1,1.1564646512891865
4941,0,1,0.8037018074432374
4942,1,1,1.1129360170954519
4943,1,1,1.1949875394137939
4944,0,0,-1.210025872428287
4945,0,0,-1.1287649962778639
4946,0,1,0.06099219907842185
4947,1,1,1.1226712983633025
4948,1,0,-0.07222797783418905
4949,1,1,0.9923636125175814
4950,1,1,0.43292945354182105
4951,0,0,-0.20842576293134368
4952,1,0,-0.18246259167415507
4953,0,0,-0.2058439576457185
4954,1,1,1.2992297575265588
4955,1,1,0.8636688115595699
4956,0,0,-0.8845542336826093
4957,1,1,1.115104409492348
4958,0,0,-0.3055405846752338
4959,0,0,-1.2730861522187151
4960,1,0,-0.2680494124643393
4961,1,1,0.8583309391245213
4962,1,1,1.2234937426437424
4963,0,1,0.026417200223732895
4964,1,0,-0.332007830274452
4965,1,1,0.7081574106332906
4966,0,0,-0.9131651916472502
4967,0,0,-0.698144074935161
4968,1,1,1.0601864599035724
4969,0,0,-0.002063216812199009
4970,0,1,0.9838924278965901
4971,1,1,0.2560255285818364
4972,1,1,0.3823441046439034
4973,1,1,1.1729270577910922
4974,0,0,-1.3054069087565046
4975,0,1,1.3606382328283322
4976,1,1,0.002450258083513568
4977,0,0,-1.063721573308087
4978,0,1,0.7292960902343133
4979,1,0,-0.110473874592389
4980,0,1,0.012713555530928455
4981,0,0,-1.0771175543215474
4982,1,1,0.7307055631628747
4983,1,0,-0.70970228053547
4984,0,1,1.0547870767981662
4985,0,0,-1.3440835570388912
4986,1,0,-0.9925471152540453
4987,1,1,0.8868684722865892
4988,0,0,-0.3344758792465546
4989,1,1,0.25452317549751163
4990,0,1,0.33833361541752355
4991,0,1,0.4584745969364254
4992,0,0,-0.9093265253672806
4993,1,1,1.1946314570108902
4994,1,1,1.0206341162858215
4995,0,0,-1.3086318161117658
4996,0,0,-1.259792096258421
4997,0,1,0.07146634364696708
4998,0,1,0.7005249283118198
4999,0,0,-0.12491119844718329
5000,1,1,0.011368159238052178
5001,0,0,-1.321058067578035
5002,1,1,1.0877990633546681
5003,0,0,-0.2509108825837083
5004,0,0,-1.60823945462044
5005,0,1,0.14665073934976275
5006,0,0,-1.3848008871833934
5007,1,1,0.9499562296232595
5008,1,1,1.1648918905469374
5009,1,0,-0.24658005360433857
5010,1,1,1.0216554038974897
5011,1,0,-0.2347587089664639
5012,1,1,0.02663866517868546
5013,1,1,1.0777689183977097
5014,1,1,1.0301447128095098
5015,1,0,-0.4167962571669446
5016,0,0,-1.3297397293257573
5017,0,0,-1.3779449748531525
5018,1,1,0.9892626931839854
5019,1,1,0.9866508939489103
5020,1,1,0.0009340795900850685
5021,1,1,0.3401419766532832
5022,0,0,-0.5924445336756137
5023,1,1,1.0749290137617724
5024,1,1,1.1038333418272055
5025,0,0,-1.3101318572043923
5026,1,1,1.338912291509335
5027,1,1,1.038674103851468
5028,0,1,0.8711931932730548
5029,0,0,-1.6173873641355319
5030,0,0,-0.8036945118858996
5031,1,1,1.147922178232392
5032,1,1,1.5020831811351187
5033,0,0,-0.597421430100027
5034,0,1,0.753028545399115
5035,1,1,0.26938391742797557
5036,0,0,-0.04818065731259252
5037,1,1,0.7069413741712791
5038,1,1,1.1428300518224828
5039,1,1,1.2467653535167376
5040,0,0,-0.1873005134934675
5041,0,1,1.4276508071533094
5042,0,0,-0.43386715966763756
5043,1,1,0.13583668129674825
5044,1,1,1.4540074449236113
5045,1,1,1.267622984670467
5046,1,1,0.9825575667963471
5047,1,0,-0.028566721758122415
5048,0,1,0.3324657174581363
5049,1,0,-0.5611986341523849
5050,0,1,1.2236299256954295
5051,0,0,-0.3235926216437409
5052,0,0,-0.8773269642203942
5053,1,1,0.793373950023655
5054,1,0,-0.4791596956602514
5055,1,0,-0.2584794518405511
5056,0,0,-0.408447228419238
5057,1,1,0.6038840371139464
5058,0,0,-0.603272247050221
5059,1,1,1.060688365183994
5060,0,1,0.6089994991490937
5061,0,0,-0.5404890641941048
5062,0,0,-1.248387673486503
5063,1,0,-1.1710509583933655
5064,0,1,1.0536802492072919
5065,0,1,0.8729512648527089
5066,0,1,0.20696176080548284
5067,0,1,0.7785438360430614
5068,1,1,1.2788263642687467
5069,0,0,-0.6611971819320026
5070,0,1,0.6896178188178872
5071,1,1,1.1310586601612758
5072,0,1,0.37424900977906866
5073,1,0,-0.6161372335844
5074,1,0,-0.8325922732725017
5075,0,0,-0.8756758513638094
5076,1,0,-0.46591643223942547
5077,0,0,-0.9792459307607142
5078,0,0,-0.1991915036758959
5079,1,0,-0.005457241482544062
5080,1,0,-0.22414342762013384
5081,1,1,1.1716217290890507
5082,0,1,1.0693081859409501
5083,1,1,0.43873122862230846
5084,0,0,-0.8640289238927088
5085,0,0,-1.0361878310832693
5086,1,1,1.0093683504414817
5087,1,0,-0.7014625045844878
5088,1,1,1.1520679511720535
5089,1,0,-0.058304817200882764
5090,1,0,-0.534903215447033
5091,0,0,-0.6176556238547888
5092,1,0,-0.5272482859490752
5093,1,1,1.129404153466462
5094,1,1,0.0032899304130061813
5095,1,0,-0.4646429510974084
5096,1,1,1.05077345296618
5097,0,0,-0.7619623862870785
5098,0,1,0.7454374037841829
5099,0,0,-0.5218697405173021
5100,0,1,0.6628562717712909
5101,0,1,0.5780102145544079
5102,0,1,0.9006352074968147
5103,1,1,0.34603913854088536
5104,1,1,0.3756788795694443
5105,0,0,-0.45986650064653667
5106,1,1,0.00039180142166195253
5107,1,1,1.1710106238076023
5108,0,0,-0.37352055388775485
5109,1,1,1.0568858898147262
5110,1,1,0.8323781652665214
5111,1,1,0.8705510992206484
5112,1,1,0.7284061364738681
5113,0,1,0.4362641590673611
5114,1,0,-0.8040095763000445
5115,1,1,0.5792871380943356
5116,1,1,0.7985162577751814
5117,0,0,-0.7182662278311515
5118,1,0,-1.0333098031957662
5119,0,0,-1.0360984427146285
5120,0,1,0.30433179002360783
5121,1,1,0.5116952602418463
5122,0,1,1.1498587670076281
5123,0,0,-0.5381820518469876
5124,1,0,-0.1954143149642652
5125,1,1,0.6278475155427949
5126,1,0,-0.38976128791051545
5127,0,1,0.4104355878291283
5128,1,1,0.19139748588920352
5129,0,1,1.0095263683555955
5130,1,1,0.18541159694311155
5131,0,0,-1.2407847349052266
5132,1,1,0.8422535202635224
5133,1,1,1.1349839172179816
5134,1,0,-1.0747461598908836
5135,1,1,1.2187501713842712
5136,0,0,-1.2538761956192397
5137,0,0,-1.1891465401035497
5138,0,1,0.11499324055667165
5139,0,1,0.11940464015500402
5140,1,1,1.0006316229976404
5141,0,0,-0.7897580874384973
5142,0,0,-0.9810304423415226
5143,1,0,-0.586961759600009
5144,0,0,-1.2305600574845235
5145,0,1,0.35257757623436486
5146,0,0,-1.1862177530364058
5147,1,1,0.2397801109664804
5148,1,1,0.16309306549773
5149,0,1,1.048649903797981
5150,1,1,0.7046338411649076
5151,1,0,-0.16116397358800544
5152,0,0,-0.46215564623106886
5153,1,0,-0.7489209337754343
5154,1,0,-0.9463533793036184
5155,0,0,-0.46650460339368227
5156,0,0,-1.083616775023319
5157,1,1,0.7245522736788355
5158,1,0,-0.6585511263423347
5159,1,1,0.7501908271452589
5160,0,0,-0.8674326001245547
5161,0,0,-0.432725921801349
5162,1,1,0.6255488354705812
5163,0,1,1.1780242858243082
5164,1,1,0.5058577417621288
5165,0,1,1.0519252751554682
5166,0,0,-0.8857441767276839
5167,0,1,1.0362852954158082
5168,1,0,-0.3472872471542284
5169,0,0,-0.3512363018435247
5170,0,0,-0.45295112857981806
5171,0,1,1.0160640905123952
5172,0,1,0.6625017536153077
5173,1,1,0.48635921184227154
5174,1,0,-0.2808699943973467
5175,0,0,-0.5469071808348088
5176,0,1,1.0216899389203675
5177,0,0,-0.6231395552706365
5178,0,0,-0.41972648270838475
5179,1,0,-0.6354069476836703
5180,0,1,0.6983876289214579
5181,1,1,0.1774592516922247
5182,0,0,-1.1331455646004456
5183,0,1,0.6179670643536193
5184,1,1,1.015735689853126
5185,1,1,1.324957624694507
5186,0,0,-1.1029289149479222
5187,1,1,0.7354103876509184
5188,0,1,0.3055294238299087
5189,1,1,0.06992797389381039
5190,1,1,0.6123822679970645
5191,1,0,-0.1337676341935779
5192,1,1,0.21493769345424169
5193,1,0,-0.19341539270450925
5194,0,0,-1.2395101499912455
5195,1,0,-0.7690472743550117
5196,0,1,1.0216058191415363
5197,1,0,-0.03779706842446884
5198,1,1,1.0792081422307744
5199,1,1,0.28865659935660654
5200,0,0,-0.0013063254310398675
5201,0,0,-0.4333454905186447
5202,0,0,-1.4667700024275778
5203,0,0,-1.8107381791846366
5204,0,1,1.4243421965107599
5205,1,1,0.9624402843409703
5206,0,1,1.0068705973744514
5207,1,1,0.9305574158203589
5208,0,0,-0.722591426193439
5209,1,1,0.4299574455879292
5210,0,0,-0.7949986074953481
5211,0,1,0.9119145513794666
5212,0,0,-0.8225972810498021
5213,1,0,-0.5676764059827125
5214,1,1,0.9906891758412892
5215,1,1,1.1822631048253402
5216,0,1,0.05046670118755464
5217,1,1,0.3906904925409496
5218,0,0,-1.1493918183877874
5219,0,1,0.34291867803414516
5220,0,0,-0.7148208266191847
5221,0,1,0.002448909465764537
5222,0,0,-1.6529876003014132
5223,1,1,1.1376962870183949
5224,0,0,-0.4082070438741591
5225,1,0,-0.3718521676950033
5226,0,1,1.1632942674482059
5227,1,1,1.0901086205273114
5228,1,1,0.5893858136336947
5229,1,1,0.9348840202781088
5230,0,0,-0.9882539725263721
5231,1,1,1.0728595689399818
5232,0,0,-1.0651120484738146
5233,1,1,0.007188954306072082
5234,0,0,-1.1182150024366002
5235,0,0,-0.8650701810930321
5236,1,1,0.5843392117694961
5237,0,0,-0.8693936049875854
5238,1,1,0.8248842289270542
5239,1,0,-0.3856677389660871
5240,0,0,-1.1548328263112007
5241,0,0,-1.3552868027078087
5242,1,1,1.3993976303251106
5243,0,1,1.2475631553458695
5244,0,0,-0.6067368664256897
5245,0,0,-0.3690496270997218
5246,1,1,1.2128293764582572
5247,1,1,0.9737166533917663
5248,1,0,-0.053897253050747274
5249,0,0,-1.1203137186644005
5250,0,0,-1.07429902142578
5251,0,1,0.8586923807592752
5252,0,1,0.5186681711826244
5253,1,1,1.0576040371408577
5254,0,1,0.6426826747703689
5255,0,0,-0.7318240026310018
5256,0,1,1.2421750739107755
5257,0,1,0.43566977222718123
5258,0,1,0.21533473035360257
5259,0,0,-0.8008106367133323
5260,1,1,0.9801003455693735
5261,1,1,1.0441102341143869
5262,0,1,1.0315823406906297
5263,0,1,0.3581007410147849
5264,1,1,0.9931472247793005
5265,1,0,-0.030467695952891616
5266,0,0,-0.46640396406562745
5267,0,0,-1.275274250840603
5268,0,1,0.7764548857651634
5269,0,0,-1.4476588959022805
5270,1,1,0.3877696129430093
5271,0,1,1.1466330771375723
5272,1,0,-0.4234256151831614
5273,1,1,0.857783898116107
5274,1,0,-0.39701045990176737
5275,0,1,0.3343021084467414
5276,1,0,-0.2985465839414037
5277,0,1,0.24821603455242364
5278,1,1,0.9628790820969104
5279,1,1,1.0633350623042557
5280,1,0,-0.9196909132367128
5281,1,1,0.9224395154858107
5282,0,0,-0.9021045517131266
5283,0,1,0.13855042503950527
5284,0,0,-1.4014418423692332
5285,1,1,1.1830091395599664
5286,0,1,0.23528631887722934
5287,1,1,0.5366790254865905
5288,0,0,-1.1367497558649247
5289,0,1,0.006418678074575801
5290,1,0,-0.6146232879206925
5291,1,0,-0.32077666548248474
5292,0,0,-0.1885802191475553
5293,1,1,0.16505683214961125
5294,1,1,1.0046139527387306
5295,0,1,0.03984321956073916
5296,1,1,1.3186643139144247
5297,0,1,0.5130660142146259
5298,1,1,0.9788912456997552
5299,0,1,1.0887861441957614
5300,0,0,-0.5290152892795659
5301,1,0,-0.20555549888516794
5302,0,0,-0.600703389170334
5303,1,0,-0.6181228060958854
5304,1,0,-0.3483956552065073
5305,0,0,-0.6588199702308115
5306,0,0,-0.7691114421797133
5307,1,1,1.1977643968862295
5308,0,1,1.2008546922555068
5309,0,0,-1.3437234315024251
5310,1,0,-0.3539585993508671
5311,1,0,-0.06026088951911579
5312,1,0,-0.11229854010552953
5313,0,0,-0.753457453617778
5314,0,1,0.3865256257682708
5315,1,0,-0.3672353131957935
5316,1,1,0.5770473262452582
5317,0,0,-0.48446360784739223
5318,0,0,-0.6053544738191683
5319,0,0,-0.09134330726490786
5320,0,0,-1.2891370758015728
5321,0,1,0.7915743809306854
5322,1,0,-1.2435387036497507
5323,0,0,-0.19411534601844999
5324,0,0,-1.309567634226965
5325,0,0,-0.9760435483286354
5326,0,0,-0.9674644292043262
5327,0,0,-0.9297520151988674
5328,0,1,0.16705673656370496
5329,1,1,0.8057156798143101
5330,0,1,0.6665295182119819
5331,0,1,0.6672298067990818
5332,1,0,-0.7593612251827251
5333,0,0,-0.653066417802774
5334,0,0,-0.024971731194482483
5335,0,0,-0.6534764580875448
5336,1,1,1.0525379195260622
5337,0,0,-0.833432981286044
5338,1,1,0.8605175669600704
5339,0,0,-1.0258142645133619
5340,1,0,-0.01241683853007819
5341,1,1,0.8521138461142561
5342,0,0,-1.6387415917564538
5343,0,0,-1.1879701876341804
5344,0,0,-0.6639193044942243
5345,0,1,0.9228844620772603
5346,1,0,-0.11345914788842149
5347,0,0,-0.41916946673604627
5348,1,1,0.012801091596590985
5349,1,1,0.9784314524355404
5350,0,0,-0.5744028539196621
5351,1,1,1.0422775013579169
5352,0,0,-0.9787960319728766
5353,0,0,-0.005619616579945641
5354,0,0,-1.3395136833750811
5355,1,1,1.0092654817960167
5356,0,0,-1.283921937061072
5357,1,0,-0.7925542397350576
5358,1,1,0.6910542105546544
5359,1,1,0.8300288664583388
5360,1,1,1.4466737788057755
5361,1,1,1.0607670238949174
5362,0,0,-0.5172843588398601
5363,1,1,0.3663192934476756
5364,1,1,1.3732189320095227
5365,0,0,-0.26544800064050894
5366,0,0,-0.8771863199697927
5367,1,0,-0.34692803447720194
5368,1,1,0.6183611211767217
5369,1,1,1.1242099239646977
5370,0,0,-0.40870117971238296
5371,0,0,-0.5962834106975355
5372,0,0,-0.13966733433960582
5373,1,1,0.4721474096303198
5374,1,1,0.8572354909165105
5375,0,0,-0.15862386390513727
5376,0,1,0.5963060285290953
5377,1,1,1.1522933492354621
5378,1,1,1.0313532972302077
5379,1,1,1.1459867867671198
5380,1,1,1.0796729144770705
5381,1,1,0.7607269332658839
5382,0,0,-0.22321511071101963
5383,0,0,-1.1548126431239578
5384,0,1,1.0966968608516057
5385,1,1,1.108484695472137
5386,0,0,-0.9707807533192598
5387,1,1,0.3627641553274505
5388,1,1,0.8166562587211486
5389,0,1,0.7716790716604127
5390,1,1,0.881140683201163
5391,0,1,0.009921180277178643
5392,0,0,-1.016246783946191
5393,0,0,-1.0853725140268413
5394,0,0,-1.1233650941465974
5395,1,1,1.2126232746908956
5396,0,0,-0.7316901715814295
5397,0,1,0.9799644747927263
5398,0,0,-0.8793560781610652
5399,0,0,-1.3159981973675996
5400,1,1,0.609439902206808
5401,1,1,0.8459828387946422
5402,1,1,1.2336172058118535
5403,1,0,-0.8930368026523485
5404,0,0,-0.5427874770068665
5405,0,1,1.1147886695330758
5406,0,0,-0.9491704030041219
5407,0,0,-0.7161695097693858
5408,1,1,0.9008532645375562
5409,0,0,-0.738923598905774
5410,0,0,-1.047880003146473
5411,0,0,-0.11734600032446368
5412,1,0,-0.32498810855211757
5413,1,1,0.9957023483186216
5414,0,0,-1.0470338604269551
5415,1,1,1.278928403398925
5416,1,1,0.5156297938496957
5417,1,0,-1.1552515549137499
5418,1,1,1.368536029203811
5419,0,1,0.15219482949179147
5420,1,1,0.012653148826797245
5421,1,1,0.746437445658777
5422,0,0,-0.8620146889543354
5423,1,1,1.2270909546214228
5424,0,1,0.3044584256306489
5425,1,0,-0.19445165081824078
5426,0,0,-1.1260501408827925
5427,0,1,1.200590446608279
5428,1,1,1.3317005935115787
5429,0,1,0.2504528486673853
5430,0,0,-1.5150307169965895
5431,1,1,1.1264851346359293
5432,0,0,-1.100650627175433
5433,1,0,-0.7463632901182286
5434,0,0,-1.0980239677592143
5435,0,1,0.9699050665629978
5436,0,1,1.0182506516188203
5437,0,1,0.6113024493289001
5438,1,1,1.1300481986169235
5439,1,0,-0.1732672845729331
5440,0,1,0.13864055775029976
5441,1,1,1.1937927978688854
5442,0,1,0.6252741929874666
5443,0,0,-0.9361592789387001
5444,1,1,0.8281368812686436
5445,0,1,0.9813306785316196
5446,1,1,1.0960731971221886
5447,1,1,0.5403710256691292
5448,0,1,0.7467309304909755
5449,0,1,0.9636188025605845
5450,1,0,-0.8371178084840555
5451,1,0,-1.2011133544683426
5452,1,0,-0.32888064643902454
5453,1,1,0.927586423406118
5454,1,0,-0.023732024729369916
5455,1,1,1.0749522364942563
5456,1,0,-1.3627487315941413
5457,1,0,-0.34578937992372494
5458,0,0,-0.0653350745468253
5459,1,0,-0.14156829510547358
5460,1,0,-1.7691764117549416
5461,1,1,1.2082301916267206
5462,1,0,-0.12088790633373087
5463,1,1,0.3304188479180488
5464,0,1,1.1938085580517246
5465,1,1,0.2197141833374437
5466,0,0,-1.0947502891018883
5467,1,1,0.6306330448907624
5468,1,1,1.4363460608925334
5469,1,1,0.9199679342515241
5470,1,1,0.30541021720541167
5471,1,1,0.976357543864266
5472,0,0,-0.24505589997499502
5473,1,0,-0.8758056278671243
5474,0,0,-1.5361976611572534
5475,0,0,-0.6517720253925986
5476,0,0,-0.10145239623920305
5477,0,1,0.6378168010497975
5478,0,0,-0.275153977522785
5479,1,1,1.0123683171645053
5480,1,1,0.06252811229731853
5481,0,0,-0.5851695725656079
5482,0,1,0.13614705876289063
5483,0,1,0.8868175202779454
5484,0,0,-1.33931592745551
5485,1,1,1.0955798533496812
5486,0,0,-0.1381965559352104
5487,0,1,0.644031982237053
5488,1,0,-0.4883205885055979
5489,1,0,-0.7719616002713854
5490,1,1,1.1264319931833082
5491,1,1,1.0083595939352201
5492,0,0,-0.5256876270885051
5493,0,0,-0.677627028827595
5494,1,1,0.7152637540295594
5495,0,0,-1.3124483952861226
5496,1,1,1.4000308205303647
5497,1,1,0.26389840593832187
5498,1,1,0.025106142644055918
5499,1,1,1.4618103097425443
5500,0,1,0.8781320638294501
5501,0,1,0.006281909997410573
5502,1,0,-0.4702692807100456
5503,1,1,0.9074404657856143
5504,0,1,0.3648968963215176
5505,0,0,-0.6049065690674048
5506,0,1,1.0375506611097713
5507,1,1,1.0912807397431634
5508,0,0,-1.040094664545108
5509,0,1,1.247523798947992
5510,1,1,1.095932175155078
5511,1,0,-0.9313298581263807
5512,0,1,0.45907847287385845
5513,0,0,-0.2648961947743237
5514,0,0,-0.8093700791080072
5515,0,1,0.616967559887569
5516,0,0,-1.4022173487149978
5517,1,1,0.7208210288916739
5518,0,0,-0.8827226892640498
5519,0,1,0.6044019570564843
5520,0,0,-0.4578646584920512
5521,0,1,0.9251033683990406
5522,0,1,0.35937722007425427
5523,1,0,-0.6667147838275225
5524,1,1,1.3970960895066666
5525,1,1,1.0006190135168445
5526,0,1,0.5513938915860757
5527,1,0,-0.8173623615161039
5528,0,1,0.551481376105446
5529,0,1,1.4179822170925527
5530,1,1,0.8311528647740478
5531,0,1,0.872566605339697
5532,1,1,0.6775715159238254
5533,1,1,1.4110894755055314
5534,1,1,1.0774561297496763
5535,0,0,-0.3430649719028027
5536,0,0,-0.18809641104891
5537,0,0,-0.6032078116619553
5538,1,0,-0.39563818498600667
5539,0,1,0.6202399913914602
5540,0,0,-1.3993792129502773
5541,1,1,0.2719339462037607
5542,0,0,-0.482891376291792
5543,0,0,-0.5279177444855484
5544,0,1,0.20351474698960964
5545,1,1,0.4045586618273211
5546,1,1,0.49850083910082926
5547,1,1,0.6930063979958332
5548,0,0,-0.11938539339421356
5549,1,1,0.5126201814146822
5550,0,0,-0.8663369944297947
5551,1,1,0.32161521443645463
5552,1,1,0.8805883125288063
5553,1,0,-0.3892314141923524
5554,1,0,-1.336765729773405
5555,1,1,1.2103171759262867
5556,0,1,0.8795937012597532
5557,1,1,0.6907174225496282
5558,1,1,1.1693459775137178
5559,0,0,-0.06709057845350863
5560,1,0,-0.11584874365711817
5561,0,0,-0.6050743019842687
5562,1,1,1.7859205705860624
5563,1,1,0.7867869228610411
5564,1,0,-1.5325117841366007
5565,0,0,-1.278306485541526
5566,0,0,-0.8669140459902461
5567,0,0,-0.15351245064927405
5568,0,0,-0.9654392740784936
5569,0,0,-1.2755828755418905
5570,1,0,-0.6128333869025302
5571,1,1,1.7122726265550225
5572,0,1,0.6590220346923195
5573,1,0,-0.9684974079518919
5574,0,1,0.3063001061705057
5575,1,0,-0.8563308688180782
5576,1,1,0.7491840263740326
5577,0,1,0.002165815846386865
5578,0,1,1.085677609371
5579,1,1,1.0051029874618835
5580,0,0,-1.2935413268446427
5581,0,0,-1.5168072846055176
5582,1,0,-0.6250482849074983
5583,0,1,0.940362854000584
5584,1,1,0.8708153015594258
5585,0,1,0.12623056941718142
5586,0,0,-0.5777844884200647
5587,0,1,1.2353675168891476
5588,0,1,0.3674335167355039
5589,0,0,-0.27353538880322575
5590,0,0,-1.0695260296333808
5591,1,1,0.9808095341220278
5592,0,0,-0.9219712992945
5593,1,1,1.2147016315659183
5594,1,1,0.2686430179449583
5595,1,0,-0.5813675159272137
5596,1,0,-0.7924240945692367
5597,1,1,1.224026782371594
5598,1,1,0.3401301846764579
5599,0,1,0.8300441043256621
5600,1,1,0.9221503851537283
5601,1,1,1.068473909701683
5602,1,1,0.17331287960360958
5603,0,1,0.013050421803488421
5604,0,0,-0.16582572791881228
5605,0,0,-0.07621148840629793
5606,0,0,-0.33412581979299316
5607,1,0,-0.8013163645553979
5608,1,1,1.604475727147412
5609,1,0,-0.7466681643214927
5610,1,1,0.3926526594990197
5611,0,0,-1.0767139924413571
5612,1,1,0.5690063016800879
5613,0,1,0.11823102596795626
5614,1,1,0.3489416525974927
5615,0,0,-0.7803487711235502
5616,1,1,1.4343365791700078
5617,1,1,1.0054004269477959
5618,1,1,1.0617931126072158
5619,0,0,-0.8244968681964784
5620,1,1,1.1272085557052467
5621,0,0,-1.274641761300251
5622,0,1,0.971542737808015
5623,0,1,0.8449126533905853
5624,0,0,-0.42772791859705345
5625,1,0,-0.5540603028653228
5626,1,0,-0.011043251095130269
5627,1,1,0.29042395515977765
5628,0,0,-0.03891074174822434
5629,0,1,0.13975181882047177
5630,1,1,1.0493716701075824
5631,0,0,-0.8816206585143718
5632,1,1,1.1236939021212657
5633,1,0,-0.4834356721510155
5634,1,1,1.414143731669849
5635,0,1,0.27490884373971897
5636,1,1,1.0919454963110646
5637,0,0,-0.7890542453674644
5638,0,0,-1.0341208915939617
5639,0,1,0.6094931737005469
5640,1,1,0.8556485308119677
5641,1,1,1.2572798763681075
5642,1,1,0.9996847468466574
5643,1,0,-0.029938570006754206
5644,0,0,-1.2009902629360163
5645,1,1,1.0049401658748374
5646,0,0,-1.1074918477041282
5647,1,0,-0.12234117611237372
5648,0,0,-1.119889990619639
5649,1,0,-1.006836211710849
5650,1,1,0.7923259097154915
5651,0,0,-0.5039446440013456
5652,0,1,0.4047406865003142
5653,0,0,-0.02156638550465223
5654,0,1,0.832075993793779
5655,0,1,0.5605030161969253
5656,0,0,-1.3263765785561012
5657,0,0,-0.8480914247075622
5658,1,1,1.5206436514618284
5659,1,1,1.2165279635391792
5660,1,1,0.4312883478009743
5661,1,1,1.1372376933431232
5662,0,0,-1.5243548730681795
5663,0,1,0.267418133909979
5664,1,1,0.8765898037606943
5665,1,1,0.12409308390036217
5666,1,1,0.3512458998874242
5667,1,1,1.1763737873746767
5668,1,1,0.0787342229725117
5669,0,0,-0.032038070663734486
5670,1,1,0.2619843491148292
5671,0,1,1.1204404435135125
5672,0,1,0.9297777453047402
5673,1,1,0.1838848640893706
5674,0,0,-0.7165521476782628
5675,0,0,-0.11249162384981137
5676,1,1,0.24249418187442434
5677,1,1,0.3633588097255989
5678,0,1,0.12208237156028495
5679,1,1,0.4314348758076986
5680,0,0,-1.427543155503278
5681,1,0,-0.9680826658576183
5682,0,1,0.3379317247429939
5683,1,1,0.276477682445265
5684,1,1,0.25789656254348575
5685,0,1,0.00523981986206512
5686,0,0,-1.2442288679645763
5687,1,1,0.5048965303384119
5688,1,0,-0.7879016415299307
5689,1,1,0.8966007800106564
5690,0,1,0.28696022335142807
5691,0,0,-0.3364673339400015
5692,1,0,-0.02035383188914769
5693,0,1,1.1410787428657165
5694,1,1,0.39250738933842616
5695,1,1,1.082033076371944
5696,0,0,-0.5635655876651979
5697,1,1,1.1815959286676274
5698,0,0,-0.8749687454598645
5699,0,1,1.1371993926295811
5700,1,1,0.0717857498848567
5701,1,0,-1.21407592844187
5702,0,0,-0.5320605097443263
5703,1,0,-0.22302694039569348
5704,1,0,-0.27870069747488024
5705,1,1,0.804196996672772
5706,0,1,0.7804824561494228
5707,0,1,0.2641942890230465
5708,1,1,0.4889697817957051
5709,1,0,-0.722451292008079
5710,1,1,0.625205364151856
5711,1,0,-0.4492217435547936
5712,0,1,0.017137935528366344
5713,1,1,0.9632289429362451
5714,1,1,0.7674001243933892
5715,1,1,1.2064141767048173
5716,0,0,-0.908511787587691
5717,1,1,1.104034698826218
5718,0,0,-1.0911606795561166
5719,1,1,1.0207021518016233
5720,0,1,0.2116979695588132
5721,0,0,-0.10735106769909336
5722,0,0,-0.22797018534316968
5723,1,1,1.0241841205923685
5724,1,0,-1.0667648164574568
5725,0,1,0.07045224387462806
5726,0,1,0.012680370127692353
5727,0,0,-0.2155260065008452
5728,0,0,-0.9885692595351152
5729,1,1,0.7270096457541613
5730,0,0,-0.6700203032216049
5731,0,1,1.1035024304753063
5732,1,1,0.2871969771917479
5733,1,0,-0.4914241820890314
5734,0,0,-1.238631316875145
5735,0,0,-0.823115348974115
5736,1,1,1.0061652933723837
5737,0,0,-0.3460979584624152
5738,0,1,0.19065002732997777
5739,1,1,1.4112720463447836
5740,1,0,-0.305258357782
5741,1,1,1.3395004526329726
5742,0,0,-1.0432906436798755
5743,0,1,0.2040551954669813
5744,1,1,0.5412758956309422
5745,1,1,0.7167242154555389
5746,1,1,0.13043326687660955
5747,0,0,-1.0522349389486663
5748,1,1,0.5893560185056275
5749,1,1,0.23371007074580347
5750,0,1,0.8022014929247558
5751,0,0,-0.9383851297180977
5752,1,1,1.690339583270906
5753,0,1,0.9026387773295452
5754,1,0,-0.5014503586843568
5755,1,1,0.2996409811945194
5756,0,0,-1.5866585381269114
5757,0,0,-0.30581430758866657
5758,0,1,1.072632487446391
5759,1,0,-5.636449396384524e-06
5760,0,1,0.07170810537340061
5761,0,0,-0.8950097643074741
5762,0,0,-0.7009301703403694
5763,1,1,1.353934618614562
5764,0,1,0.8823880277675453
5765,0,1,1.2822177077250403
5766,1,0,-0.12969568248920432
5767,0,0,-0.11433475578442226
5768,1,1,1.050271265800935
5769,0,0,-0.8333923824275343
5770,1,0,-0.7474762545434108
5771,1,1,1.057942152228286
5772,1,0,-1.1677567969307148
5773,1,1,1.273334437571252
5774,1,1,0.44293426536733566
5775,0,0,-0.10253263152601083
5776,0,0,-0.6333682490478372
5777,0,0,-0.8620966331051054
5778,1,1,0.10913705606539453
5779,1,1,0.36363030906716914
5780,1,1,0.7969633759727603
5781,1,1,0.5465808765412552
5782,0,0,-0.8641888266756219
5783,1,1,1.2299756981151688
5784,0,1,1.4253070016767024
5785,0,0,-1.0055173931708437
5786,1,1,0.9961505899438685
5787,1,1,0.6877994120751201
5788,1,1,1.098443117546589
5789,0,0,-0.41587896627943
5790,0,1,0.23597077191015353
5791,0,0,-1.6522525746032581
5792,1,0,-0.28275431686427155
5793,1,1,0.12107301692959477
5794,1,1,0.9304694299791227
5795,0,0,-0.18337723201336115
5796,1,0,-0.604225341036602
5797,1,1,0.9844536905384482
5798,0,0,-0.033379944481776
5799,1,1,1.1248435740801885
5800,1,0,-1.8677975508843356
5801,1,1,0.8232753359180631
5802,0,0,-0.4723884132191699
5803,1,0,-0.29788691290927116
5804,1,1,0.18812568190351026
5805,0,1,0.4365672278212252
5806,1,1,1.0756384206205805
5807,0,0,-1.6229698963842794
5808,1,1,0.7334488935367269
5809,0,0,-0.9625558628612076
5810,1,1,0.47452725487279185
5811,0,1,0.7610006554390458
5812,1,1,0.9153176007875385
5813,0,0,-1.1213505895246738
5814,1,1,0.036113557050028
5815,0,0,-0.6775075885276832
5816,1,0,-0.7232641492197482
5817,1,0,-0.2079164110094598
5818,0,0,-1.0029228199668099
5819,0,0,-0.29092022613906454
5820,0,0,-0.4449519461968149
5821,0,0,-0.7253128187196151
5822,1,0,-0.12791752197298178
5823,1,1,1.1861284559876553
5824,1,1,1.2732387721539653
5825,1,1,0.6646179127345433
5826,0,1,0.6363212347982499
5827,0,0,-0.19443218176400434
5828,0,0,-1.3294528852992833
5829,1,0,-0.2973952903854972
5830,0,0,-0.9240805277379913
5831,1,1,0.8769894994663254
5832,1,1,1.0343566191235771
5833,0,0,-0.9153543966149583
5834,0,1,0.38148269549230324
5835,1,1,1.0854449069711896
5836,0,1,0.2181931960649373
5837,0,0,-0.014192743563856747
5838,0,1,0.8084340770542038
5839,1,0,-0.31149328441228347
5840,0,1,0.8326528426245858
5841,1,1,1.2272786719691626
5842,0,1,0.7190025130545776
5843,0,0,-0.360410791642028
5844,1,1,0.27335889039710964
5845,1,1,1.1587039949182383
5846,0,0,-0.7782918725054838
5847,1,1,1.0159143859323962
5848,1,1,0.9298749232466186
5849,1,1,0.11891069244455982
5850,0,1,0.021172536955584298
5851,1,1,1.2629198851864654
5852,0,0,-0.5863033454541802
5853,1,0,-0.5560692773912689
5854,1,1,1.3641590592949666
5855,1,0,-0.5383420316419616
5856,1,0,-0.40179836581188294
5857,0,1,0.05879836704926528
5858,1,1,1.5139418180685504
5859,0,0,-0.1325464250409184
5860,0,1,0.04447538393825107
5861,1,0,-0.2847446215635411
5862,0,1,0.22001222696640405
5863,1,1,1.0968634482875683
5864,0,0,-1.364809681020233
5865,0,0,-0.748970428938446
5866,1,0,-0.07883460120760138
5867,1,1,1.2620060060312694
5868,1,0,-0.052559991047724186
5869,1,1,1.4060484115510465
5870,1,1,0.9689032624180718
5871,0,0,-0.7105569191598918
5872,0,1,0.9728688577721576
5873,0,1,0.247796555940703
5874,1,1,1.2915210044749499
5875,1,0,-0.503977820907247
5876,1,1,0.8162377317163889
5877,1,0,-1.2588275347514994
5878,1,0,-0.7061319106311326
5879,0,1,0.9617064376579638
5880,1,1,0.029037445352834534
5881,0,0,-0.7333530186663285
5882,1,1,1.1139141709527203
5883,1,1,0.2849183413331004
5884,0,1,0.9029981324470655
5885,1,1,1.259787321209491
5886,1,0,-1.044765925072574
5887,0,1,0.19672922219203176
5888,0,0,-0.9954526185967227
5889,0,0,-0.8235035309251237
5890,1,0,-1.0037384887798766
5891,1,0,-0.315512624060424
5892,0,0,-1.6172734008736807
5893,1,1,0.4687283607916248
5894,0,0,-0.7847411784818901
5895,1,1,0.8231583869642347
5896,1,0,-0.36477565685160296
5897,0,0,-0.5732686933400553
5898,1,0,-0.743982963962516
5899,0,0,-0.3518299768700486
5900,1,1,0.20776744083059223
5901,0,0,-0.011985907335304302
5902,1,1,0.8178439757109324
5903,1,1,0.9455696971188949
5904,0,1,0.7672152959115932
5905,1,1,0.8932776305995875
5906,1,0,-0.6358902412953822
5907,1,1,0.3769955654836315
5908,1,1,1.040626701867645
5909,1,0,-0.4388445398573214
5910,0,1,1.225785593656878
5911,0,1,1.1204296671497413
5912,1,1,0.8971527365392484
5913,0,0,-0.9573491455890981
5914,0,0,-1.524500919457733
5915,0,0,-1.1823289306550737
5916,1,1,1.1592778714479397
5917,1,1,1.026244983996577
5918,0,0,-0.46743300270207677
5919,0,0,-0.8825632835830328
5920,0,0,-0.7059480190746719
5921,1,1,0.9601533483813469
5922,0,0,-0.3050393799939415
5923,1,0,-1.0499622207047876
5924,0,0,-0.2308436915178593
5925,1,0,-0.9254204937031817
5926,0,0,-1.3022180365588518
5927,0,0,-1.274457467451761
5928,0,1,1.2331530314341483
5929,0,0,-0.9700969315785899
5930,1,0,-0.5310184089013716
5931,1,0,-0.635423614425066
5932,0,1,1.0376105623580856
5933,0,0,-0.8558470300002781
5934,0,1,1.0787251496136678
5935,1,1,0.9709577641094644
5936,1,1,1.262503466167845
5937,0,0,-0.7973921552370887
5938,1,0,-0.5357801473929232
5939,1,1,0.7175055487531112
5940,1,1,0.971346442143179
5941,1,1,1.4224509662797253
5942,0,0,-0.9358778940857992
5943,1,0,-1.2534953929669281
5944,1,1,0.477517850684085
5945,1,1,1.1969823532818602
5946,1,1,0.1961682683842319
5947,0,1,0.04548253287775911
5948,0,1,1.1418479073494476
5949,1,0,-0.021682023163837327
5950,0,1,1.2474174089337007
5951,1,1,0.2376689793685674
5952,0,1,1.0849277322541735
5953,0,1,1.086362733923635
5954,1,1,0.46840729199232906
5955,0,0,-0.38560053501398617
5956,0,0,-1.9171324323709877
5957,1,1,1.0731259740980827
5958,1,0,-0.6507925729473583
5959,1,0,-1.2870474956724554
5960,0,0,-1.7066728642447753
5961,1,1,1.0861550862907967
5962,0,1,0.7418515011007341
5963,1,1,0.6031442947833716
5964,1,0,-0.8351095591645209
5965,1,0,-0.7007674380793943
5966,1,0,-0.06599931689216915
5967,0,0,-0.1687852311770236
5968,1,1,0.8544280059667917
5969,0,0,-0.46105073370501715
5970,0,0,-0.9759433512032676
5971,0,1,1.0765672942218703
5972,0,0,-0.4363554356194018
5973,1,1,1.4112179352830683
5974,0,0,-0.07827158535755341
5975,1,1,0.9676710386001939
5976,0,0,-1.0762941340488643
5977,1,1,0.5231939227869618
5978,0,1,0.21326779953282432
5979,0,1,0.4459960535091186
5980,0,0,-0.41832502733398125
5981,1,1,0.9866590928333272
5982,0,0,-0.6587563891795367
5983,1,1,0.4285166372863282
5984,1,0,-0.5461512185743641
5985,1,1,0.504485575695576
5986,1,1,0.5775761469343417
5987,1,0,-0.31246024018733465
5988,1,1,1.0554582581652268
5989,1,1,0.7171594287169263
5990,1,1,0.6680013671756013
5991,0,0,-1.4279722535459272
5992,0,1,1.1544213671019097
5993,1,1,0.8952985699521916
5994,0,0,-0.8725992154123523
5995,1,1,0.7078902167125658
5996,1,1,1.0217789481709327
5997,1,1,1.1966771565035526
5998,1,1,0.4509807433037996
5999,0,1,0.9849956665123827
6000,1,0,-0.17521692001702177
6001,1,1,0.69727573634657
6002,1,1,0.8657387401518502
6003,1,0,-1.307537166988024
6004,0,0,-0.8531642560046504
6005,0,0,-0.636761644958254
6006,0,1,1.02626543235609
6007,1,0,-0.39402201102539547
6008,1,0,-0.5330646477549479
6009,0,1,0.1835163222251785
6010,1,1,1.0235375442224148
6011,1,1,1.010976980516894
6012,0,1,0.08763715847422587
6013,0,1,0.9435347571266246
6014,1,1,0.9583506695129187
6015,1,0,-0.17908123361836453
6016,1,1,0.7499120210018717
6017,1,1,0.46540691407330476
6018,1,1,0.6837563797478392
6019,0,0,-0.08049074413642182
6020,1,1,1.4311971021164611
6021,1,0,-0.428824012304461
6022,1,0,-0.7363902113437824
6023,1,1,0.6322955731542688
6024,0,1,0.9843402769954996
6025,0,0,-0.41410549610614034
6026,1,0,-0.15701883708773717
6027,1,1,0.5496790569677987
6028,1,0,-0.5911299014874019
6029,1,0,-0.7666364935466938
6030,0,0,-0.4255006266778365
6031,0,0,-0.2035296095330602
6032,0,1,0.7769116842576427
6033,1,0,-0.2536878769462789
6034,1,1,0.4763590939821511
6035,0,1,1.1291251845088879
6036,0,1,0.7735464856423935
6037,0,0,-0.6280421361779477
6038,0,1,0.11616404158998511
6039,1,1,0.7497910011351516
6040,1,1,1.2959125789472488
6041,1,1,1.3658639655141145
6042,1,1,1.4319993106094646
6043,1,1,0.1360366047241291
6044,0,0,-0.496904360841553
6045,1,1,1.136927251264044
6046,1,1,1.1093400455405793
6047,0,0,-2.136392712668765
6048,1,0,-0.5960226986776518
6049,0,1,0.9321444517482704
6050,1,0,-0.5834963356945435
6051,0,0,-0.4527161104030756
6052,1,1,0.4911526807052436
6053,0,1,1.0025931103486603
6054,1,0,-0.08944594159176894
6055,1,0,-0.6610999612807504
6056,0,0,-1.066814650701357
6057,1,0,-1.0632854917150076
6058,0,0,-1.2268740227717954
6059,0,1,0.9330223120139991
6060,1,0,-0.34605164226338603
6061,1,0,-0.21688451610870046
6062,1,1,0.06123424835635044
6063,0,0,-0.41255088349619146
6064,0,1,0.5747689586638358
6065,0,0,-0.7075172330828812
6066,1,0,-1.209368199892998
6067,1,1,0.6248435097370204
6068,1,1,1.0306741831330124
6069,1,0,-1.528776826998849
6070,0,1,0.4470393621741538
6071,1,0,-1.0504268823991183
6072,1,0,-1.2745723501929986
6073,1,1,0.8175149553466472
6074,0,0,-0.4211756301667056
6075,1,1,0.7847314482755849
6076,1,1,1.1791014609742843
6077,1,1,0.4826487827002242
6078,0,0,-1.1269581939865527
6079,0,0,-0.9983542469182376
6080,0,0,-0.6612248850934248
6081,0,1,0.8083781684721396
6082,0,0,-0.13901312921121295
6083,1,1,0.7259804673173034
6084,0,0,-0.8013847590841607
6085,0,1,1.2035712180538731
6086,1,1,1.0508036807784158
6087,0,1,0.3798804116348878
6088,1,1,0.5881324652930602
6089,1,1,1.1325085541859643
6090,0,0,-0.774839403981934
6091,1,0,-0.43727911413656306
6092,0,1,1.0306476912157896
6093,0,0,-0.9141324366659715
6094,0,0,-0.6336727781899866
6095,1,1,1.012165737140998
6096,0,1,0.1228114486608472
6097,0,0,-0.7941990004686008
6098,1,1,0.47516708229191057
6099,0,1,1.048211936376781
6100,1,1,1.3686503811550281
6101,1,1,0.7057388871810166
6102,1,1,0.3003362514297228
6103,1,1,0.09455958206056464
6104,0,1,0.7000201003466209
6105,0,0,-1.0495915220473906
6106,1,0,-0.5692587301133799
6107,1,0,-1.3719410364716922
6108,1,1,1.1713530563498307
6109,0,1,0.6539074969213838
6110,0,0,-0.2468064150905853
6111,0,0,-1.397374863775749
6112,1,1,0.19772350664612542
6113,0,1,0.6962174370026395
6114,1,0,-0.0797448143479938
6115,1,1,0.3132463821839487
6116,1,1,1.253557437578976
6117,1,1,0.24002587272190762
6118,0,0,-0.9719894423022315
6119,1,0,-1.0041715775832436
6120,0,0,-1.3741682558896005
6121,0,1,0.15286980258521637
6122,1,0,-0.755297550654632
6123,1,1,0.7130255781708685
6124,0,1,0.3584950293873011
6125,1,1,1.1789441209480203
6126,0,0,-0.2629351560751337
6127,1,1,0.9290802625985151
6128,1,1,0.90428411870597
6129,1,0,-0.38123239127220027
6130,0,0,-1.113042257611866
6131,1,0,-0.7931057956671559
6132,0,0,-0.5553602330952131
6133,1,0,-0.13775068021197123
6134,1,1,0.7730091476115577
6135,1,1,0.9453181261705645
6136,1,1,0.9811163464020392
6137,1,1,0.8797040980337341
6138,1,0,-0.21686293449053268
6139,1,0,-0.6289614551345033
6140,0,1,0.42493393187208933
6141,0,0,-1.6821196550815316
6142,0,0,-0.9067911891302145
6143,1,1,1.1444006079550866
6144,1,1,1.508398238344544
6145,1,1,0.4722273274347722
6146,0,0,-0.23280705676543964
6147,0,0,-1.0965073333855417
6148,0,1,0.001081730168852879
6149,1,1,1.362624031614281
6150,0,0,-1.1894668431023105
6151,1,1,1.0899010230077253
6152,0,0,-0.6787049500565934
6153,0,1,0.4823474050200392
6154,0,1,0.07169874703236107
6155,1,0,-0.42663884383194983
6156,1,0,-0.6526130303882858
6157,0,0,-1.4281408496264743
6158,1,1,0.917730321713113
6159,0,1,0.5533772566192288
6160,0,0,-0.6206838227616429
6161,0,1,0.7190445853597744
6162,1,1,0.6765800832452906
6163,1,1,0.3828288146787447
6164,1,0,-0.9178758118867965
6165,0,1,1.3837106490506945
6166,0,0,-0.27715474498288406
6167,0,1,0.1839999374413484
6168,0,1,0.4320284655869398
6169,0,0,-1.297646318961578
6170,0,0,-0.04081366760463856
6171,1,1,1.224741411708136
6172,0,0,-0.7329092305596024
6173,0,1,1.066965021961509
6174,1,0,-1.5927686196254163
6175,1,0,-0.1575753105843733
6176,1,1,1.2799654436515515
6177,1,0,-1.1547135255145924
6178,0,1,0.8665695227159949
6179,1,0,-0.46879293900271934
6180,0,1,0.7729842477391513
6181,0,0,-0.1564418863952472
6182,1,1,0.0007894058574584584
6183,1,1,1.4916432788556244
6184,0,1,0.14078060458786795
6185,1,1,1.0913972805919472
6186,1,0,-1.0112985705890962
6187,0,1,0.8003580394258825
6188,1,0,-0.014502367143410744
6189,0,1,0.10943071566320867
6190,0,0,-0.22844541906422763
6191,0,1,0.34799485773782096
6192,1,1,1.1350464341761382
6193,1,0,-1.5861565124515855
6194,1,1,0.7130930918368079
6195,0,0,-0.6150704461792851
6196,1,0,-0.8331945475573461
6197,0,0,-0.7675661019802837
6198,1,0,-0.3292807174958532
6199,0,1,1.2424138768703552
6200,0,0,-0.5532475057878337
6201,0,1,0.08229392788814455
6202,0,0,-0.7396956141814417
6203,0,1,0.8252857190671703
6204,0,1,1.0218242539660207
6205,0,0,-0.8384157213575856
6206,1,1,1.2742399508873683
6207,1,1,0.022052599741992418
6208,1,1,0.9557160575082093
6209,0,1,0.03290952717094825
6210,1,1,0.5152676009375903
6211,0,0,-0.8726793140198688
6212,0,1,0.07392510951016201
6213,0,1,0.8279116492143785
6214,1,1,1.0571250919966426
6215,1,0,-0.214280261801502
6216,1,0,-0.7943241568543893
6217,0,1,0.5761819574582878
6218,1,1,0.6715209299109275
6219,0,0,-1.322486664364061
6220,1,1,0.9374925178889049
6221,0,1,0.5130359748421365
6222,1,1,0.2673696022246486
6223,1,1,0.10333624319978602
6224,0,0,-0.42301490000503794
6225,0,0,-1.1942340947045091
6226,0,0,-0.9544426772102751
6227,1,0,-0.259137481970136
6228,1,1,0.42982265896375466
6229,1,1,1.2980281062543226
6230,0,1,0.3288352707633663
6231,0,0,-1.297565916297933
6232,0,0,-0.29733405498337173
6233,0,0,-0.20338920705605462
6234,0,1,0.4241903614222849
6235,1,0,-0.15500192653087647
6236,1,0,-1.1390573925182177
6237,0,1,0.08663708817356769
6238,0,1,0.8027842434497425
6239,0,1,0.23247854982207378
6240,0,0,-0.6917840817547628
6241,1,1,1.281207204472662
6242,1,1,0.9886472507031983
6243,0,1,0.7257924767136956
6244,1,1,0.89960666339999
6245,1,1,0.33645828006734085
6246,0,1,0.015896813298747092
6247,1,1,1.0903188251257214
6248,0,0,-1.1558659346740057
6249,1,1,0.836931331094287
6250,0,1,1.2688193051208945
6251,0,1,0.5183202456590659
6252,1,0,-0.23951047924343893
6253,0,0,-1.0630093892610997
6254,0,0,-0.9046009945825866
6255,0,0,-0.8112959392180943
6256,1,1,1.2828429403012467
6257,0,1,0.2803562867735309
6258,0,0,-1.1554878388866965
6259,1,1,0.8422004798772913
6260,0,1,0.4346883900011323
6261,0,0,-0.7025193064626597
6262,0,0,-1.0757419765303116
6263,1,1,1.082126445960168
6264,0,0,-1.234786947884397
6265,1,0,-0.007174959012436755
6266,1,1,0.9792151839097731
6267,1,0,-0.7567532639519923
6268,1,1,0.41690491390386436
6269,1,1,1.2681667653420847
6270,0,0,-0.4958870540066449
6271,1,1,0.8260472051122736
6272,1,0,-0.13858590682587224
6273,1,1,0.21510377110497808
6274,1,0,-0.4130091845092644
6275,0,0,-0.40675903096394816
6276,1,1,0.6835408168137678
6277,1,0,-0.09627523022477241
6278,0,0,-1.0498296347632636
6279,0,1,0.8975463216623236
6280,0,0,-0.10847579076439934
6281,1,1,1.6268984339287824
6282,0,1,0.8460081052484332
6283,1,1,0.7089638148827175
6284,1,1,0.21441127877116334
6285,0,0,-1.2176445162367895
6286,1,1,0.07025597931694744
6287,0,1,0.9767444573274631
6288,1,1,1.0794923182882998
6289,1,1,0.22492185063607845
6290,0,0,-0.9994935648264385
6291,0,1,1.1653317702721315
6292,0,0,-0.9196564776329317
6293,1,1,0.2170451816496412
6294,0,1,0.24507314414044673
6295,0,0,-0.15294853195634012
6296,1,1,0.6000937295389739
6297,0,1,1.0880971880315045
6298,1,1,0.7324959936816022
6299,1,0,-1.0895434008884115
6300,0,0,-0.5441675292970056
6301,1,0,-0.33639006965416113
6302,1,0,-0.07680001371800088
6303,1,1,1.0051694148575776
6304,1,1,0.8678879471564684
6305,1,0,-0.5017152987875988
6306,0,0,-0.9094447416381491
6307,1,0,-0.0014431083016044344
6308,1,1,0.9807332178992694
6309,0,0,-0.2194791916227114
6310,1,0,-0.22074720210614762
6311,1,0,-0.2216458298927921
6312,0,1,1.131275129973947
6313,0,1,1.0999934357686665
6314,1,0,-0.7033106350481106
6315,1,0,-0.22501077513710135
6316,1,1,0.04943880901196801
6317,0,1,0.20305021861571643
6318,1,1,0.8930369136151712
6319,0,0,-0.6257285663505523
6320,0,0,-1.171306903535875
6321,1,1,1.3657448902233824
6322,0,1,0.969127571638708
6323,0,1,0.48403528130434587
6324,0,0,-1.4434076551036783
6325,0,0,-1.1065149156155596
6326,1,1,0.6025168318629268
6327,1,0,-0.2474237247490788
6328,1,1,0.1452792420163888
6329,1,0,-1.0708314122737332
6330,0,0,-1.8394411057551239
6331,1,1,0.507716124395633
6332,1,0,-1.5467441423578
6333,0,1,0.520651441009101
6334,0,0,-0.4589678226311318
6335,1,1,1.0082010915441273
6336,1,1,0.9506955508355253
6337,1,1,0.823150694932457
6338,1,0,-0.7848304155044783
6339,1,1,1.6516357236079613
6340,1,1,1.0680958553465243
6341,0,1,0.49584466294204027
6342,1,1,1.3643904800876823
6343,1,1,0.007457818399211169
6344,1,0,-0.6882988745701325
6345,0,1,0.6460684436954447
6346,1,1,0.48256458348701653
6347,1,1,0.36979119199566785
6348,1,1,0.754969589267025
6349,0,1,1.0758045287259796
6350,1,1,1.0464253704905013
6351,1,1,0.9170693713386429
6352,0,0,-0.7266172075419672
6353,0,0,-1.097700024878355
6354,1,1,0.04249667051573075
6355,1,0,-0.46044866069660334
6356,0,1,0.7100439958387372
6357,0,1,1.0087273007336144
6358,1,0,-0.8871698373106447
6359,0,1,1.2694484471823029
6360,1,1,1.1388836394837059
6361,0,1,0.9306950648688037
6362,1,0,-0.8932184438877949
6363,1,1,0.7512966365493503
6364,1,0,-0.018115333316764792
6365,1,0,-0.0029820800686063964
6366,0,1,0.3714505743104231
6367,0,1,0.8265193136677049
6368,1,0,-0.13107146407199716
6369,0,0,-1.0973371558096419
6370,1,1,0.6184270722035163
6371,0,0,-0.7839272226017098
6372,1,1,1.1912881118392897
6373,0,0,-0.5559895200477277
6374,1,1,1.172710109995236
6375,0,0,-1.533812532599512
6376,1,1,0.9778984962290374
6377,0,0,-0.4116499652134476
6378,0,1,0.2825103591423897
6379,1,1,0.5353685301871898
6380,1,1,0.47400670664275585
6381,1,0,-0.21256376882364347
6382,0,0,-0.3210124919439162
6383,1,1,1.266161228645917
6384,0,1,0.7215874416878256
6385,0,0,-1.297846170226271
6386,1,1,0.9232579688920104
6387,0,0,-0.5330099205331639
6388,0,0,-0.911733012810634
6389,1,0,-0.8864476430242585
6390,1,0,-0.8847454892669431
6391,0,0,-0.47707080951782477
6392,0,0,-1.222360496691348
6393,0,0,-1.2834555358760094
6394,1,0,-0.9183578908978729
6395,1,0,-0.43460009070209604
6396,0,0,-0.6744734397082993
6397,1,1,0.3214180513037959
6398,1,0,-1.011231887642347
6399,1,1,0.19163137286171955
6400,0,1,0.9066604226129569
6401,0,1,0.1595062713434257
6402,0,0,-0.6026700268810681
6403,0,0,-0.657515851407215
6404,1,1,0.7444902340294912
6405,0,1,0.026450363135118282
6406,1,1,0.14258656065593872
6407,0,1,0.008917199286968769
6408,0,1,0.14450255499559
6409,0,0,-0.002236851202714052
6410,1,1,1.0653633530066746
6411,0,1,0.05374901361695833
6412,1,1,1.336826028768741
6413,1,0,-0.20050662036960099
6414,1,0,-0.8508910650659762
6415,0,0,-1.15701409979921
6416,0,1,0.19085881700695023
6417,1,1,1.1309518659822857
6418,0,1,0.7928088400788065
6419,0,0,-0.5791270794944166
6420,0,0,-0.4878662356275234
6421,0,1,1.376876027233573
6422,1,1,0.4459558781109944
6423,0,0,-0.7011959720608064
6424,0,0,-0.17867115306893272
6425,0,0,-0.35950499506146544
6426,1,0,-0.6171057983010337
6427,0,1,1.0195302119359113
6428,0,0,-0.13407458954605017
6429,1,0,-0.46798128489088153
6430,0,1,1.1088713911778885
6431,0,0,-0.32669437510353055
6432,1,0,-0.7713933782801037
6433,1,1,1.1524238148096588
6434,0,0,-1.1974154317124066
6435,1,1,0.18233849183661271
6436,1,1,1.0403833154708542
6437,0,0,-0.6982917245666878
6438,0,1,0.21751926476085753
6439,1,1,0.5859009016753656
6440,1,0,-0.9481515485796366
6441,0,1,0.7961579589683696
6442,1,1,1.0955878245044035
6443,0,0,-0.8574409959276083
6444,1,1,0.8848524031688585
6445,0,1,0.2109478086073558
6446,1,0,-0.5114549506198978
6447,1,1,1.0574768257651093
6448,0,1,0.18444963335683434
6449,1,1,0.396971713054107
6450,0,0,-0.9580246812844537
6451,1,1,0.7339062337990225
6452,0,1,0.06562076016595247
6453,0,0,-1.0529340852645304
6454,1,1,1.107507663447999
6455,0,1,1.0124613647958527
6456,1,1,1.0360325228049585
6457,1,0,-0.2420793836604401
6458,1,1,0.6611142139748389
6459,0,0,-1.6634951229023751
6460,0,0,-0.5972136439537583
6461,1,1,0.9397743674114749
6462,0,0,-0.6708749604366846
6463,1,0,-1.0465950679132798
6464,1,1,1.0500031102006198
6465,1,1,1.1857699051524786
6466,1,1,1.240990503110959
6467,0,0,-0.030948607438231968
6468,0,1,0.7171678458536985
6469,1,1,1.0247590431931304
6470,0,0,-1.0438201591590563
6471,1,1,0.9589011416268096
6472,1,0,-0.7826985289387196
6473,0,0,-1.0780013225344278
6474,1,0,-0.5239085882402675
6475,1,1,0.6239694431807676
6476,1,0,-0.6886228403070127
6477,0,0,-1.1637351502958606
6478,1,1,0.5335746925726825
6479,0,0,-0.686574339850834
6480,1,1,0.8908552313881284
6481,1,1,0.5537088627201312
6482,1,1,1.1087454055625419
6483,1,1,1.2630589902321456
6484,1,1,1.0342154537952182
6485,0,1,0.49865258784979555
6486,1,1,0.930069218802497
6487,0,1,0.4397072646730151
6488,0,0,-0.7599241825937433
6489,0,1,0.14107504057604997
6490,1,1,1.1184968558790933
6491,1,1,0.7340986795261342
6492,1,0,-0.4401673309746872
6493,1,1,1.03300303093458
6494,1,0,-0.49133929415319655
6495,1,1,1.1742837801689943
6496,0,0,-1.5486127567647903
6497,0,0,-0.4050487583407952
6498,1,1,0.2776392779134416
6499,0,1,1.0816045915686459
6500,1,1,0.19277332097460093
6501,0,0,-0.5230638219696772
6502,0,0,-1.088464343781495
6503,0,1,0.20446101229712782
6504,0,1,0.43437392913708645
6505,1,1,0.003369400962530078
6506,1,0,-0.42796810836080007
6507,1,1,1.059460770010724
6508,1,1,0.21647424593261516
6509,1,1,0.9076252994488436
6510,1,1,0.6396971868744883
6511,1,1,0.08287967437714289
6512,0,1,0.10073796570582699
6513,0,0,-1.1022141354352266
6514,0,0,-0.2791092377657126
6515,1,1,0.2995763171010751
6516,1,0,-0.1527399025449852
6517,1,1,1.3418837608764336
6518,1,1,1.3177441662591725
6519,1,1,0.6218107920490259
6520,0,0,-1.0809748794708307
6521,0,0,-1.0997083139624124
6522,1,1,1.0170925177555032
6523,1,1,0.5164850098534204
6524,0,0,-0.744335937888956
6525,0,0,-1.8218013832016522
6526,0,0,-0.4677108281556823
6527,1,1,0.44719644395221597
6528,0,1,1.008496040395346
6529,0,1,0.723025312403557
6530,0,0,-0.12341678329871303
6531,0,0,-0.7406246681782264
6532,1,1,1.0813529509777735
6533,1,1,1.3372345247710151
6534,0,0,-0.28537004841335745
6535,0,1,0.47053754081956495
6536,0,0,-1.1945497044349243
6537,1,0,-0.046974692050329836
6538,1,0,-0.8881431055929574
6539,0,1,0.708067856724222
6540,1,0,-0.3273818797448719
6541,0,0,-0.7971445806334282
6542,0,1,1.0525315961719262
6543,1,1,0.45328259513682406
6544,0,1,0.0008363619041076853
6545,0,0,-0.5632210856213743
6546,1,0,-0.11094987592645317
6547,1,1,0.6566664382724545
6548,0,1,0.8825734265065546
6549,0,1,0.8794829231895935
6550,1,1,1.029591665102084
6551,0,1,0.3244857916047896
6552,1,0,-1.267616127086142
6553,0,1,0.9130218331303739
6554,0,1,0.6481115964915589
6555,0,0,-0.3561457910903477
6556,0,0,-1.1885123381113964
6557,1,1,0.24345152434901923
6558,0,0,-0.6052872648550429
6559,1,1,1.0718342639246154
6560,0,1,0.5290020232549009
6561,1,1,0.9673174751576976
6562,1,0,-0.6159706863243091
6563,0,0,-1.4073383599233655
6564,0,0,-1.1183624242526375
6565,1,1,1.409496421716894
6566,1,1,1.020019868015688
6567,1,1,0.4401745474275643
6568,0,1,0.5410106128326158
6569,0,0,-0.012678443253711758
6570,0,0,-1.0827017120861806
6571,0,0,-0.037176156451746656
6572,0,1,0.8284781951805889
6573,1,1,0.8683603664160731
6574,1,1,1.0197223979743981
6575,1,1,1.0974744134301313
6576,1,0,-0.020031663631042307
6577,1,0,-0.5029111904138182
6578,0,0,-0.904359588643252
6579,0,1,1.4552737237849278
6580,0,0,-0.25344739768599767
6581,1,0,-0.15355975502060737
6582,1,1,0.821891705515748
6583,0,1,1.2076718050218438
6584,1,0,-0.5012973983489314
6585,0,0,-0.5722626302637914
6586,0,0,-0.0008959884250387962
6587,1,1,1.1407677681855448
6588,0,0,-0.6354420766683535
6589,0,0,-1.0661167716775302
6590,0,1,0.6613370238075864
6591,0,1,0.32241879359272024
6592,0,0,-0.7096742652393015
6593,0,0,-0.17050490103625487
6594,0,0,-0.6056359401491904
6595,1,1,1.0948101652239506
6596,1,0,-0.5028474523503184
6597,1,1,1.2172216979535584
6598,1,1,0.567786627002834
6599,0,1,0.8101337550562144
6600,0,0,-1.2687630753460037
6601,1,1,0.28806183124627144
6602,1,1,0.8359465275697
6603,1,1,0.9596960346747865
6604,1,1,1.0771059088857644
6605,0,0,-0.8533557289963222
6606,0,0,-0.20397661420355667
6607,1,1,0.6799574448456396
6608,1,1,0.20394789247015627
6609,0,1,0.29395695800056826
6610,0,0,-1.1061751832337603
6611,0,0,-0.05150662963010183
6612,0,0,-0.5460524925640077
6613,0,0,-1.4076020419060562
6614,0,0,-0.7462943387090388
6615,0,1,0.5956055514004128
6616,1,1,1.0533203710171144
6617,0,0,-0.8726273395771145
6618,1,1,0.23372912740192814
6619,0,0,-0.8514151890371934
6620,0,0,-0.1418577966517019
6621,0,0,-1.3966667444120886
6622,1,0,-1.389375918687067
6623,1,1,1.4113721860520094
6624,1,1,1.029683740542052
6625,1,0,-0.6718208485599854
6626,0,1,0.08083540435594655
6627,1,1,0.7278974611316362
6628,1,0,-1.0002550918808353
6629,1,0,-0.5084447271471509
6630,0,1,0.1629628714087395
6631,1,1,0.9853855483127505
6632,0,0,-1.1471151736568248
6633,1,1,0.20881837666794484
6634,1,0,-0.35944614035845035
6635,1,0,-0.5987465608250002
6636,0,1,0.013518372094277031
6637,0,0,-0.683347615421646
6638,1,1,1.2394829214647654
6639,0,0,-0.24568670155074387
6640,1,1,0.9592219802298585
6641,1,0,-0.1516681099187729
6642,1,1,0.527560968019664
6643,0,0,-0.4215780977051943
6644,0,0,-0.9578558155855499
6645,1,1,0.9336868449434761
6646,1,1,1.0744395901543222
6647,0,1,0.09440643555826483
6648,1,1,1.5113157390286154
6649,1,1,0.5509109060846467
6650,0,0,-0.44702862535673527
6651,0,0,-0.4468112888915282
6652,0,0,-1.279876010732635
6653,1,0,-0.18050231089633811
6654,1,1,0.9057020808599838
6655,1,1,1.0718218652294198
6656,1,1,0.09454369053924577
6657,1,0,-0.8459217160475805
6658,0,1,1.3298524864078376
6659,1,1,0.9934028458850683
6660,1,0,-0.9990259879046575
6661,0,0,-0.6182527867177673
6662,1,0,-0.432023359500542
6663,1,1,0.025753923753782992
6664,1,0,-1.423178653718407
6665,1,1,1.0977440659096314
6666,0,0,-0.4066136137179751
6667,1,1,1.03746585196323
6668,1,0,-0.7165902986481888
6669,1,1,1.228927732419253
6670,0,0,-0.608867646461542
6671,0,1,0.14597171085892874
6672,1,1,1.276293467764771
6673,0,1,0.5592661340079168
6674,0,0,-1.1045738271262031
6675,0,1,1.000098929223605
6676,0,0,-0.177489513359811
6677,0,0,-1.015882392439094
6678,1,1,0.488338978466536
6679,0,0,-0.9659145019402957
6680,1,0,-0.472193824922026
6681,1,0,-0.6711253789323794
6682,0,1,0.7233019301176042
6683,1,0,-0.5021321155355771
6684,1,1,0.8885683215528846
6685,0,1,0.9346915037448364
6686,1,1,0.7638059575019986
6687,0,0,-1.446866621160591
6688,1,0,-0.4416466761907696
6689,1,1,0.4843065643032192
6690,1,1,0.6713666235272
6691,0,0,-1.5395978313723904
6692,0,0,-0.36223720736793
6693,1,1,1.150366281535737
6694,1,1,0.006865678284561583
6695,0,0,-0.7936723978629001
6696,0,0,-1.1889517083453565
6697,1,1,0.9713324713109845
6698,0,1,0.18238405737150082
6699,0,0,-1.6928577880550124
6700,1,0,-1.25618474871528
6701,1,0,-0.46613845891068684
6702,1,1,0.8308351117577644
6703,1,1,1.0920095919439692
6704,1,0,-0.3812388847080126
6705,0,0,-0.30658473467145064
6706,0,0,-1.1580718831598744
6707,0,1,1.2819426492941786
6708,0,0,-0.13051840778916574
6709,1,1,0.4908109572260633
6710,0,0,-1.2456368344209843
6711,0,0,-0.8234437391219936
6712,1,1,1.1924492502752075
6713,1,1,0.995640746997206
6714,1,0,-0.8396895201842438
6715,1,0,-0.031978214127176996
6716,1,0,-0.331913525274663
6717,1,0,-0.6594539145185307
6718,1,0,-0.24214715978922616
6719,1,1,0.959866508924847
6720,1,1,0.5477818830076486
6721,1,1,1.0487683895890143
6722,0,0,-0.17260043943595987
6723,0,1,0.3781486832199909
6724,0,0,-0.648113048789789
6725,1,1,1.0250539621341022
6726,0,0,-0.27925300700293587
6727,1,1,1.2018488356024595
6728,0,0,-0.6015599547569799
6729,0,0,-0.4293155634582911
6730,1,0,-1.2434046969055845
6731,0,0,-0.8651188750606787
6732,1,1,0.9818372448615464
6733,1,1,1.1706880240888944
6734,0,0,-1.7402745835383429
6735,0,0,-0.950361182211698
6736,0,0,-0.02709602222514851
6737,1,1,0.26065312574889393
6738,1,1,1.0452892526641429
6739,1,1,0.9684044647207888
6740,1,1,0.15820091507569706
6741,1,1,0.07271855099151653
6742,0,1,0.8866841819771552
6743,1,1,0.0130254016068177
6744,0,1,0.7619452134628437
6745,0,0,-0.19639593160761892
6746,0,0,-1.324222133381805
6747,0,0,-0.19135451001207598
6748,0,0,-0.7762051232147023
6749,1,0,-0.5186831389564198
6750,1,1,0.9621083806356496
6751,1,1,1.0045676137375785
6752,0,0,-0.11069925122743307
6753,1,1,1.3877838375923235
6754,1,1,0.7202672352033408
6755,0,0,-1.1029717883250396
6756,0,0,-0.8853539984642573
6757,1,1,1.4923594187240488
6758,0,1,0.14385537892748818
6759,1,1,1.067331477443111
6760,1,1,1.556056927963604
6761,1,1,0.7283654927776122
6762,0,0,-0.8815322855978218
6763,1,1,1.5510802843207863
6764,1,0,-0.4796373313604353
6765,0,1,0.37616039731341183
6766,0,0,-0.5090805124950094
6767,1,0,-0.6212923186276746
6768,1,1,0.8800365372539871
6769,1,1,1.2792045695563063
6770,1,0,-0.8526778163529043
6771,0,1,0.5228482254071223
6772,0,0,-1.1162321854718609
6773,0,0,-0.4716253201712364
6774,1,1,0.02469742745917569
6775,1,1,1.0034003691108722
6776,0,0,-1.0595918763333345
6777,0,1,1.173940108802857
6778,1,1,0.5128341925381097
6779,0,0,-0.9556430494209959
6780,1,1,0.5654156867164961
6781,1,1,0.9896354621454169
6782,0,0,-0.28450666521223633
6783,1,1,0.314774163973142
6784,1,1,0.1553001130796639
6785,1,0,-0.719969103877099
6786,1,0,-0.8809023794596427
6787,0,0,-1.097434645141675
6788,0,0,-0.6953535719503937
6789,1,0,-0.4974267838351775
6790,1,1,1.2775955884428611
6791,0,0,-1.134325450155045
6792,0,1,0.37514495300634915
6793,1,0,-0.9162045546565039
6794,0,1,0.8776517842748077
6795,1,1,0.7748691647622352
6796,1,0,-0.4451868842155262
6797,1,1,0.5846506331546797
6798,0,1,0.5220256495007098
6799,0,1,0.29369789516879
6800,0,1,0.5768386035253179
6801,0,0,-0.40949210061599733
6802,0,0,-0.24307000871553947
6803,0,0,-1.9402522581217663
6804,0,0,-0.26547311437204646
6805,0,0,-1.3470880790844404
6806,0,0,-1.156266468931887
6807,0,1,0.0344137487633957
6808,0,1,0.2547824087243031
6809,1,1,0.7995146378283422
6810,0,0,-1.0900252480562918
6811,1,1,1.2398640165449328
6812,0,1,0.6619860402739419
6813,1,0,-0.039483389589633766
6814,1,1,1.260139396537464
6815,1,0,-0.40980048156135246
6816,0,1,0.34895721183300693
6817,1,1,0.2901157560977297
6818,0,1,0.14947253121169374
6819,0,0,-0.659454933620542
6820,1,1,1.1237071637981468
6821,1,1,0.9300199092360257
6822,0,0,-1.0349117095516798
6823,0,0,-0.8759377847849288
6824,1,1,1.1233810738870114
6825,0,1,0.872380214035642
6826,1,1,0.24761581043479147
6827,1,0,-1.0926171166250467
6828,1,1,0.29909176791813125
6829,0,1,0.8986617738104856
6830,0,1,0.16832744960291884
6831,0,1,0.5956473446060402
6832,1,1,0.4821024882375305
6833,0,0,-1.0880599723109101
6834,1,1,0.37387982796749114
6835,1,1,1.0432304531470382
6836,0,0,-0.7396182269435687
6837,1,1,0.6205123427865513
6838,0,1,0.8835035105755542
6839,1,1,1.1407554001261373
6840,1,1,1.1694761498857993
6841,1,1,0.910390414740208
6842,0,0,-2.897514442925081
6843,0,1,0.0360655175122096
6844,1,1,0.9528949359010481
6845,1,1,0.847979698505211
6846,0,0,-0.7278882804970035
6847,1,0,-0.19224990248178264
6848,1,1,0.9592387565805114
6849,0,1,1.2082891376669829
6850,1,1,1.0598967027140331
6851,1,1,0.5959402343382161
6852,1,1,1.1223588552469876
6853,0,1,0.7766503268855054
6854,0,1,0.08115345888862208
6855,0,0,-0.3082990199588675
6856,1,0,-0.25604412145249694
6857,0,1,0.7138033211264125
6858,0,1,0.6316558450107439
6859,1,1,0.7805072432170463
6860,1,1,0.34234817056064953
6861,1,0,-1.599605791767641
6862,0,1,1.0659754757781528
6863,0,1,0.10414178538228752
6864,0,1,0.9729109485522653
6865,1,1,1.4608184632823702
6866,0,1,0.18674407588102154
6867,1,1,0.8183184892709552
6868,1,0,-1.0254160046927103
6869,0,0,-0.8060101684335691
6870,0,0,-0.10308872716691003
6871,1,1,0.9237349083223272
6872,0,0,-0.627556256814044
6873,1,1,0.4309228487238937
6874,1,0,-1.098377946178595
6875,0,0,-1.0881022954480113
6876,0,1,0.45222583115329035
6877,1,0,-1.0342155313878645
6878,1,1,1.0008457775851105
6879,0,1,0.9949817916696548
6880,1,1,0.8728654102445406
6881,0,1,0.8822228727133312
6882,0,1,0.9283057446893259
6883,1,0,-0.4954035511444915
6884,1,1,0.9426367946263294
6885,0,0,-0.24837688735209243
6886,1,1,1.519718298768235
6887,1,1,0.23309959842365374
6888,0,0,-0.9367663001021136
6889,0,1,1.3530799036900536
6890,0,0,-0.2821896054283294
6891,0,1,0.08030005070147511
6892,0,0,-1.0494760914696755
6893,1,1,1.222583576083593
6894,0,1,0.749629889809192
6895,0,0,-0.9014542930846424
6896,1,1,1.15512973835352
6897,1,1,0.8964483082668095
6898,1,0,-0.972791006042945
6899,1,0,-1.3123839194906985
6900,1,0,-1.173412542150779
6901,0,1,1.182022262422408
6902,0,0,-1.1013850161992307
6903,1,1,1.0892046443706094
6904,0,1,0.9599846858655507
6905,1,0,-0.7612125547081352
6906,1,0,-1.0330350708526164
6907,1,0,-0.597577353048724
6908,0,0,-0.006838458360877819
6909,1,1,1.0464772490663052
6910,1,1,1.411040987164981
6911,1,1,1.0334085380383908
6912,1,1,0.5038605565837044
6913,1,1,1.4581298576102681
6914,1,1,1.3910769282566888
6915,0,0,-1.584293174977477
6916,1,1,1.1361225022655137
6917,1,1,0.9237001532446849
6918,0,0,-0.857443589984504
6919,0,1,0.30779805857802495
6920,0,1,0.23305774062268886
6921,0,1,0.7003081260316584
6922,0,0,-0.14789617725614818
6923,1,1,0.9795385482114158
6924,1,1,0.5990000502024848
6925,0,1,0.5364449025748643
6926,0,0,-1.2388369250364442
6927,1,1,0.7040931280288802
6928,0,1,1.1296239545944118
6929,0,1,0.22430562420090344
6930,0,1,0.990481749972183
6931,0,1,1.157637063431614
6932,1,0,-0.2273688336399251
6933,1,1,0.3395241970867256
6934,1,1,0.1893715922560743
6935,0,0,-0.602707518099324
6936,1,1,1.271996661914085
6937,0,0,-1.025292430010278
6938,1,0,-0.3867322020983573
6939,0,1,0.14806894873647886
6940,0,0,-0.03853129911976144
6941,1,0,-0.3391003521144813
6942,0,0,-0.37754465301680323
6943,1,1,1.1207107453716447
6944,0,0,-0.3141792302121629
6945,1,0,-0.9911445383496087
6946,0,0,-1.4297287610314786
6947,0,0,-0.15322216695733087
6948,0,1,1.0746724573368374
6949,0,1,1.2974708852125776
6950,1,1,0.10603334149350524
6951,1,1,1.0761613304529087
6952,1,1,0.14311425382423576
6953,1,0,-0.03503453113199978
6954,0,0,-0.8025031948562784
6955,1,0,-0.38688697114687415
6956,1,1,0.3589787265657676
6957,1,1,1.3636962286162329
6958,0,0,-0.19966752931972653
6959,1,1,0.8263364804743958
6960,0,0,-0.9262134885379161
6961,1,1,0.5468832552278908
6962,1,1,1.6289138866326147
6963,0,0,-0.9626719548960709
6964,0,0,-0.3479592192131277
6965,1,1,0.4314572848172738
6966,1,1,0.589254990916888
6967,0,0,-1.0436767624569339
6968,0,1,0.6684716878348824
6969,0,1,0.6474853567122416
6970,1,1,1.0427579882414029
6971,1,1,0.3786853422109167
6972,1,0,-1.3785367258351455
6973,1,1,1.2236901645831944
6974,1,1,0.04460125990184621
6975,1,1,0.357281302290607
6976,0,0,-0.6276046136944236
6977,1,1,1.0587286662297386
6978,1,0,-0.8609293875061306
6979,1,1,0.6402560131129513
6980,0,1,0.44289719726464877
6981,1,1,1.13266365761261
6982,1,1,1.123786445824271
6983,1,1,1.0245692012624517
6984,0,1,0.9375795616544138
6985,1,1,0.5194703490432184
6986,0,0,-0.14181901011018289
6987,0,0,-1.096269591881781
6988,0,1,0.29522277134586433
6989,1,1,0.9449923885320632
6990,0,0,-0.843278730364114
6991,0,0,-0.9873380241578722
6992,0,0,-0.7102284418599296
6993,1,1,0.4741142469561261
6994,1,1,1.0618852342562617
6995,0,0,-1.0540578081509853
6996,1,0,-0.9891059900398644
6997,1,1,0.9019620701335131
6998,1,1,0.5890653231361931
6999,1,1,0.9837147682832441
7000,1,1,1.068395104276626
7001,1,1,0.5182823254824049
7002,1,1,0.38857510282311486
7003,1,1,0.9666876183181852
7004,1,1,0.7818527518011049
7005,1,1,0.846125865417106
7006,0,1,0.6962913641134425
7007,1,1,0.9772688290398428
7008,1,0,-0.49545229181332484
7009,1,1,1.1711343117871702
7010,0,1,1.2057160523009895
7011,1,1,1.4247321182923551
7012,0,1,1.1461871409196898
7013,1,0,-1.1806592404719802
7014,1,1,1.0335393442831473
7015,0,0,-0.8483534339284076
7016,0,0,-0.16902711858041797
7017,1,0,-1.6574218704741417
7018,1,1,1.1131433942486233
7019,1,1,0.6798398801510273
7020,0,1,0.420690334701134
7021,1,1,0.7055062354729682
7022,1,1,1.300407599437773
7023,0,0,-0.42809790013941523
7024,1,0,-0.7529214481353256
7025,1,1,1.0720281368159945
7026,1,1,1.296442505677265
7027,1,0,-0.1234606346248916
7028,1,0,-0.6503522988478384
7029,0,1,0.8721943098465323
7030,1,1,1.137815464680928
7031,1,1,1.0858725704768877
7032,1,1,1.4814660018776313
7033,1,1,0.6982263863988081
7034,1,1,0.31256698314552706
7035,1,1,1.218939820564092
7036,1,1,0.5763139337791845
7037,1,1,1.0826628173536477
7038,0,0,-0.6036222134421343
7039,0,0,-0.9379592948038353
7040,0,1,0.9088374554765677
7041,0,0,-1.0400072746394724
7042,1,1,1.203725312255109
7043,0,1,0.4793801591082844
7044,0,0,-1.3909377916088863
7045,1,1,1.090125200037217
7046,0,0,-0.5889046083236444
7047,1,1,1.382215090844044
7048,1,1,0.7924284410825564
7049,1,1,1.181137718987852
7050,0,1,0.8401216102766045
7051,1,1,0.9498775216109101
7052,0,1,1.0934559233227052
7053,1,1,0.8213862952535922
7054,0,0,-1.15102180136608
7055,1,0,-0.1077785319018249
7056,1,0,-0.04905679775689403
7057,0,0,-0.9841152212267936
7058,0,1,0.6245899004447066
7059,1,1,0.5618015480261889
7060,1,0,-0.2868758038824063
7061,1,1,1.0727330985479224
7062,1,1,0.06157214795955773
7063,1,0,-0.5160740049527102
7064,0,0,-1.076657039734874
7065,0,0,-1.509709123126265
7066,0,0,-0.8789486871391521
7067,1,1,0.7498901491980063
7068,0,1,0.19421135340330814
7069,1,0,-0.07002736327856435
7070,0,0,-0.3752064807583334
7071,1,1,0.32285315567612544
7072,1,1,1.372242967605276
7073,1,1,1.045397545341003
7074,0,1,0.3203111209347051
7075,0,0,-1.1109061276431331
7076,1,1,0.391186764073516
7077,0,1,0.5340594490908348
7078,1,0,-0.6823653412154465
7079,1,1,1.369999618596723
7080,1,1,1.2113099278198807
7081,0,1,0.5993713940059184
7082,1,1,0.14762678366440746
7083,0,0,-0.22266432062562713
7084,1,0,-1.3247904151155045
7085,0,1,0.1169573306334089
7086,1,0,-0.6919435979266044
7087,0,1,0.31741594770616294
7088,0,0,-1.2867599126583436
7089,1,1,0.07334894539279607
7090,0,0,-1.8081325707518374
7091,1,1,0.9519828303781621
7092,1,0,-0.9875558090317418
7093,0,0,-0.14468597309339054
7094,0,1,0.10696647957744004
7095,1,1,1.156983833877541
7096,1,1,1.4780524964106352
7097,1,0,-0.43433259485237496
7098,0,1,0.2943462835824186
7099,0,0,-0.7179815874679123
7100,0,1,1.0083633960222391
7101,1,1,1.0388517768103944
7102,0,0,-0.046711836404772555
7103,1,1,1.170556382245929
7104,1,1,0.9580004880205155
7105,0,1,1.2293642987714397
7106,1,0,-1.9225903087666774
7107,0,0,-0.3100047640978431
7108,1,1,0.4486475913442906
7109,0,1,0.11057340778063934
7110,1,0,-1.4256914673112013
7111,0,0,-1.1715541812139427
7112,1,1,0.7656465510118418
7113,1,1,0.7490144263812275
7114,0,1,0.43996183254821525
7115,0,1,0.17201200997425709
7116,1,1,1.2444227357296043
7117,1,0,-0.11857623754057761
7118,1,0,-1.2679832279006116
7119,1,0,-0.3984408590346337
7120,0,0,-1.2570633626567713
7121,0,1,0.0301450786647825
7122,0,0,-1.0572364268898675
7123,1,1,1.22345868056784
7124,1,1,1.023796503197667
7125,0,0,-0.8932214544025344
7126,0,0,-1.3300295244686446
7127,0,0,-1.5426192587314886
7128,0,0,-1.7640410877198376
7129,1,1,1.3085991463393718
7130,0,0,-0.07100848717931135
7131,1,1,0.6800986278248922
7132,0,1,0.42321093635795487
7133,1,1,0.14550457266503408
7134,0,1,0.5885446433657953
7135,0,1,1.0425900449150955
7136,1,1,1.130025258790383
7137,1,1,0.8641453993165198
7138,1,0,-0.23790876997338217
7139,0,1,0.5171763085780041
7140,1,0,-0.4034363992722895
7141,0,0,-1.2607772445323582
7142,0,1,0.7181916573195621
7143,1,0,-0.47543214470520256
7144,0,0,-0.43104674530669
7145,0,0,-0.8513493006498849
7146,1,1,0.5075938687259129
7147,1,0,-0.7323602198618004
7148,1,1,1.08088798222124
7149,0,1,0.8678889001930608
7150,0,0,-1.1456846644913983
7151,0,0,-0.6939322106314592
7152,1,0,-0.9857336193309278
7153,1,1,0.978680179628395
7154,0,1,0.934979430996677
7155,0,0,-0.6177684249329168
7156,1,1,0.9494520812396547
7157,0,0,-0.9367666864787978
7158,1,0,-1.6463192914714262
7159,0,0,-0.7409389548035101
7160,1,0,-0.2001815608721425
7161,1,1,1.0969558523177951
7162,0,0,-0.8089789703284904
7163,1,0,-0.18513477910062248
7164,0,0,-0.809969159550959
7165,1,1,0.058680005748132646
7166,1,1,1.037067824372902
7167,1,0,-1.1293606440629678
7168,0,1,1.0450891188915878
7169,1,1,0.9166205704373049
7170,1,0,-0.42812845045247905
7171,0,0,-1.328076900266607
7172,1,0,-0.3000261563892367
7173,1,1,1.3653271577483417
7174,0,1,1.06175503111769
7175,1,1,1.078477391243997
7176,1,0,-0.6524768491915796
7177,0,0,-0.0062036170578366745
7178,1,1,0.23928702462432044
7179,1,1,1.089238422909453
7180,1,1,0.941590446037349
7181,1,1,0.23434963812672177
7182,0,0,-1.5770095288515396
7183,0,0,-1.2884675557650047
7184,0,1,0.6154456422575931
7185,0,0,-0.5714553359990086
7186,0,0,-1.004009771806237
7187,1,1,1.2228392750092758
7188,1,1,1.07000556786104
7189,1,1,0.41242400248614114
7190,0,0,-1.5056110370835807
7191,1,0,-0.3309821573377726
7192,1,1,0.09569569837425346
7193,1,1,0.6116125336654032
7194,1,1,0.8527080144268262
7195,0,0,-0.9695746094748205
7196,1,1,0.8747125885203995
7197,1,0,-1.1234118834170754
7198,1,0,-0.7440486359240662
7199,1,1,0.9129405408124671
7200,0,0,-0.690033826937946
7201,0,0,-1.5974768556088113
7202,1,0,-0.249788911450261
7203,0,1,0.7196035087131638
7204,0,0,-0.565420990797822
7205,0,0,-1.451376675603357
7206,0,1,0.7543253776425378
7207,1,0,-0.7468788674704523
7208,1,0,-0.35763160107655256
7209,0,0,-0.2614112565035227
7210,1,1,1.0583448210746587
7211,0,1,1.0609672862954325
7212,1,1,0.8018225886440105
7213,1,0,-0.6174606437179042
7214,1,1,0.9773353621852618
7215,1,0,-0.7546434869646061
7216,1,0,-0.7154277716093529
7217,0,0,-0.279431388175152
7218,0,0,-0.41354669499739516
7219,1,1,0.7113410895634227
7220,0,0,-0.24235764158330175
7221,0,1,0.2568440154759806
7222,1,1,1.0858767133065863
7223,0,1,0.0982635388557705
7224,0,0,-0.15214194467625497
7225,0,0,-1.080135424859823
7226,0,1,0.26297986955131075
7227,0,1,1.2679324923277562
7228,0,0,-1.2800199401415342
7229,1,1,0.8425166168888656
7230,1,1,1.0485329495625908
7231,1,1,1.5613148815976228
7232,0,0,-0.6298747448855245
7233,1,1,1.1984903667842983
7234,0,0,-1.4962105859670798
7235,1,1,0.6260916557423208
7236,1,1,0.5643789496600009
7237,1,1,1.0651336644145148
7238,1,1,1.194722645232277
7239,1,0,-0.07520335883308676
7240,1,1,0.4857870116720196
7241,0,1,0.6187695536599271
7242,0,1,1.1170205562999003
7243,0,0,-0.8044010960494417
7244,0,1,0.8704462587095543
7245,0,0,-1.0764370782239203
7246,1,1,0.9432340613966683
7247,0,0,-0.5555336654972676
7248,0,1,0.5139801139646483
7249,0,1,0.9610265787891346
7250,1,0,-1.0270913123162309
7251,1,0,-0.14443870454941926
7252,1,0,-0.5686025576507081
7253,1,1,1.0902767771463584
7254,0,0,-0.953968707783357
7255,1,1,0.9976932889900121
7256,0,0,-0.633399711378932
7257,1,1,1.139141179871756
7258,0,0,-0.9577440474305228
7259,0,0,-0.34671850700463636
7260,1,1,0.4992434825579016
7261,1,0,-1.1704491850775374
7262,0,1,0.396470538988468
7263,1,1,0.8465317349324177
7264,0,0,-1.4221771716519525
7265,0,1,1.0022470474841916
7266,0,1,0.37682128368986173
7267,0,0,-1.139454330362916
7268,0,1,1.8106510658694792
7269,1,1,1.0066902955541495
7270,1,0,-0.4355181544121781
7271,0,0,-0.5602466648240316
7272,0,0,-0.6381767401820735
7273,1,1,0.16902613733323174
7274,0,0,-0.1953430123511451
7275,1,1,1.0316646120682593
7276,0,1,0.9793402878341719
7277,0,0,-0.004833342699755272
7278,0,1,1.2463792523782269
7279,1,0,-1.0111292162844465
7280,0,1,0.8072617123967059
7281,1,0,-0.19134871214970067
7282,1,1,0.13444439973586958
7283,0,1,0.1475806345221839
7284,0,0,-0.10395044860296343
7285,1,0,-1.3737655815257932
7286,1,0,-0.2620546850800315
7287,1,1,0.7320586668350129
7288,0,0,-0.2027113860943413
7289,1,1,0.6409216486151024
7290,0,0,-0.8578063006732879
7291,0,0,-0.7034128132707579
7292,0,0,-0.5341388473271762
7293,0,0,-1.0455952841667056
7294,1,1,0.3348385997413528
7295,0,0,-0.8230707125072216
7296,1,1,0.5686975470342555
7297,0,0,-0.7466334195290669
7298,0,1,1.446778684519572
7299,1,1,1.2060436553380882
7300,1,0,-0.039158961135211556
7301,0,0,-1.0832474327924706
7302,1,1,1.2404342296351496
7303,1,0,-0.2390208083377084
7304,0,1,0.07673664698473975
7305,1,1,1.1587629768381649
7306,0,0,-0.09224645409608273
7307,1,1,1.592064952221028
7308,1,1,0.08530392724727859
7309,0,0,-0.38927373505581364
7310,1,0,-1.3360118620928505
7311,0,0,-0.30688851961688934
7312,1,1,0.5387114918685791
7313,1,0,-0.7393311268526492
7314,0,1,1.0350410619379633
7315,0,0,-0.007172705706328608
7316,0,1,0.8191287345450151
7317,1,1,1.5016953702558535
7318,0,0,-0.06505758768268388
7319,1,1,0.42309957757494737
7320,0,0,-1.5980109428944702
7321,0,0,-1.049794613344903
7322,0,1,0.3999964189374013
7323,1,0,-0.008723153285508989
7324,0,1,0.8221422492825965
7325,1,1,1.0194581637760327
7326,1,0,-0.8386753244257961
7327,0,0,-1.1154948599002255
7328,0,0,-0.5269265531920362
7329,1,0,-0.4518277363739047
7330,0,0,-0.5751409047167073
7331,0,0,-0.7293650347803848
7332,1,1,0.9525388911782491
7333,1,1,0.6349881835957694
7334,0,0,-0.008143465892037682
7335,0,0,-0.4241952021148484
7336,1,0,-0.22013539018721154
7337,1,1,1.1595674622358585
7338,0,0,-0.8111008136095035
7339,1,0,-0.3944826939653181
7340,1,1,1.1651720787287727
7341,0,0,-0.7413055538053208
7342,1,1,1.2167204182293698
7343,0,0,-0.6152520713275793
7344,1,0,-0.06053743201325523
7345,0,0,-0.4513538590827718
7346,0,0,-1.0542932493321404
7347,0,1,0.9723919743631373
7348,0,0,-0.7158180230205722
7349,1,1,1.5079904528416799
7350,0,1,0.38133629889649884
7351,0,0,-1.1180871154372574
7352,1,1,1.0823122060573043
7353,0,0,-0.8362268170487175
7354,0,0,-0.898141421321346
7355,0,1,1.1416816084089925
7356,0,0,-0.8257535841294479
7357,1,1,1.1989854644406621
7358,1,1,0.7430724615006674
7359,0,1,0.9033588141605902
7360,0,1,1.15465393488272
7361,1,1,0.4450619372810321
7362,0,0,-0.2422469178970592
7363,1,0,-0.5028302442974191
7364,1,1,1.4446753161121595
7365,0,1,0.9319515249809172
7366,1,1,1.3927462573100313
7367,0,1,0.4970997028948581
7368,1,1,1.021801069465328
7369,0,0,-1.5158928228635127
7370,1,1,0.11736209068900166
7371,0,1,1.142811865660291
7372,1,1,1.2435927984630146
7373,0,0,-0.21159179994427207
7374,0,1,0.2012092773196999
7375,0,0,-0.14046747014968003
7376,1,0,-0.20837544171260608
7377,1,1,0.9073362777789336
7378,1,0,-1.3891946023638388
7379,1,1,1.23880569126986
7380,0,1,0.2649694930943873
7381,1,1,0.2185346355900742
7382,1,0,-0.7576556915541994
7383,1,0,-0.8546723569008786
7384,0,0,-0.8223930044464561
7385,1,1,0.45566307941940815
7386,1,1,1.2853375485373322
7387,1,1,1.2396307563360551
7388,1,1,0.5007641468618143
7389,1,1,0.9363397604095496
7390,1,0,-0.1576475523827266
7391,1,1,1.437422153849998
7392,1,0,-0.6609394866118934
7393,0,0,-0.16777348261686847
7394,1,1,1.0398094952444912
7395,1,1,1.5219606169518796
7396,0,0,-0.1630637980409944
7397,1,1,0.8417546300726415
7398,0,0,-0.7570909152277745
7399,1,1,1.2337943530956097
7400,0,0,-0.13534826448749115
7401,1,1,0.44779778220208094
7402,0,0,-1.1244058907113708
7403,0,0,-0.6488353878731568
7404,1,1,1.2237035882099476
7405,1,1,1.476564309551399
7406,0,0,-0.40561463770608414
7407,1,1,0.9686775140793398
7408,1,0,-0.877305184505732
7409,0,0,-1.732050855309803
7410,0,0,-1.0623820546859264
7411,0,0,-0.4751848950027451
7412,0,0,-0.21893899347825968
7413,0,1,0.08606506338048209
7414,0,0,-0.696489736740189
7415,0,1,0.5593123027023199
7416,1,1,1.262399560504882
7417,1,1,0.5050218841950531
7418,1,1,1.116200171508139
7419,0,0,-0.9272265353369836
7420,1,0,-0.8856589281233673
7421,0,1,1.1695304300649352
7422,1,1,0.8312143977898179
7423,1,0,-0.8911375580894252
7424,1,0,-0.002818575165594528
7425,0,0,-0.7949340373205944
7426,0,0,-1.2662984293660413
7427,1,1,0.9857682308662814
7428,0,0,-0.5949692215471747
7429,1,1,0.33263356026501306
7430,0,0,-0.537842583801585
7431,0,1,0.5585745083024707
7432,1,1,0.1793920385976458
7433,0,1,0.3476246318134783
7434,1,0,-0.31681197788178644
7435,1,0,-0.10353300258733905
7436,1,0,-0.8742054246608836
7437,0,1,0.8361881057092464
7438,0,0,-0.7120547525569696
7439,0,0,-0.5655274651282352
7440,1,1,1.0033206266583792
7441,1,1,0.05862182727610815
7442,0,1,0.08924658868786478
7443,1,1,0.38105190310121
7444,0,1,0.42995102013194814
7445,1,0,-0.4470513171359323
7446,1,1,0.40801764078662034
7447,0,1,0.6831925593513735
7448,0,1,0.5535405491840748
7449,0,0,-0.05584956648634315
7450,1,1,1.1054707800026402
7451,0,1,0.23244460079617918
7452,0,0,-0.9617797046048646
7453,0,1,0.5350190401980637
7454,0,0,-1.3160213613708507
7455,0,1,0.9546989129077084
7456,0,1,1.3229400278907946
7457,0,1,0.7737731117249607
7458,1,0,-0.31636285831017363
7459,0,1,0.08879157649907093
7460,0,1,0.8940013020608675
7461,1,1,0.39517356729641223
7462,1,0,-0.5788787042726941
7463,0,0,-0.38325885038647944
7464,0,1,0.28679281385557337
7465,0,0,-1.0270807230684869
7466,1,0,-0.06174800557401566
7467,1,0,-1.0042696663553776
7468,1,0,-0.5117520009226886
7469,1,1,1.2894863022264809
7470,1,1,1.139999868051988
7471,1,1,0.4498207385688871
7472,1,0,-0.9207996485797547
7473,0,1,1.2990203820404087
7474,1,1,0.4246326088541235
7475,0,1,0.6003760267397293
7476,1,0,-0.5842196523180258
7477,0,0,-1.114324433009794
7478,0,0,-0.429121736277826
7479,1,0,-0.7107885881534818
7480,1,1,0.7740386576626785
7481,1,1,1.0651369204926033
7482,1,1,0.895671211867926
7483,0,0,-0.7491515344716136
7484,1,1,1.179785555028737
7485,0,0,-1.1271023288410014
7486,1,0,-0.012022725137752321
7487,1,0,-0.588442035059301
7488,1,0,-0.3694403221193285
7489,0,0,-0.7147707421893357
7490,0,0,-0.30253642449688317
7491,1,0,-0.48423909067894255
7492,0,1,0.722752951644295
7493,1,1,1.4825004416711016
7494,0,0,-0.994878241791366
7495,0,1,0.3169520679361329
7496,1,0,-0.5242287215793009
7497,0,0,-1.1167744442490397
7498,0,0,-0.6218816713617521
7499,0,1,0.8463352920662894
7500,0,0,-0.9381616963744246
7501,0,0,-0.49522267429340616
7502,1,1,1.0222881441235896
7503,0,1,0.5591876508596014
7504,0,1,0.765260952696516
7505,0,1,0.9645741003739727
7506,0,1,1.1121299564528775
7507,0,1,0.9319879942477649
7508,0,0,-0.3527920589865628
7509,0,0,-0.9689908285991142
7510,1,1,1.2856949326875557
7511,0,0,-0.5277968693795422
7512,1,1,0.69087158637517
7513,1,1,0.9310201998435046
7514,0,0,-1.0556286896761051
7515,0,1,0.9473472909890621
7516,0,1,0.6611682499285443
7517,0,1,0.1467576364674988
7518,0,1,0.6267142430091093
7519,0,1,0.5489552026344087
7520,0,0,-0.7586028054853857
7521,0,0,-0.9775795509037126
7522,0,0,-0.02475947858504285
7523,1,1,1.444566913684967
7524,1,1,1.1562006790112431
7525,1,1,1.348587469512638
7526,0,1,0.16371017006842142
7527,0,1,0.7824132265217563
7528,1,1,0.8172298737524635
7529,0,1,0.3044969985385238
7530,0,0,-0.576998829025486
7531,1,1,1.0223812366326925
7532,1,1,0.8042833635425086
7533,0,0,-0.8853885615995547
7534,1,1,1.029837580781523
7535,1,1,1.2648385952786618
7536,0,1,0.9177329254408697
7537,0,0,-1.140967936272485
7538,0,0,-1.0861132959183353
7539,1,1,1.0363667836144905
7540,0,1,1.0616985859544372
7541,1,0,-0.9986842788301487
7542,1,1,0.47823058058143725
7543,1,1,0.41316363167184117
7544,0,1,1.1229628966392653
7545,0,0,-0.08114021313998693
7546,1,1,1.165586752371444
7547,0,0,-0.8219547605480388
7548,1,1,0.3593215684351983
7549,1,1,1.0944525926116162
7550,0,0,-1.519303514247591
7551,1,0,-0.590198205830031
7552,0,0,-0.9131775102178832
7553,1,1,0.7710452051634356
7554,1,0,-0.9466675122753527
7555,1,0,-0.3450726104832784
7556,1,0,-0.966811795829602
7557,1,1,0.05522761510405122
7558,0,1,1.1325868756441337
7559,0,0,-0.772129528284219
7560,1,0,-0.16905149490938842
7561,1,0,-0.7351771099733366
7562,0,0,-0.8330054733304064
7563,0,0,-0.8077644485567257
7564,0,0,-1.2061429629156506
7565,0,0,-1.672327916025608
7566,0,0,-0.6815477296269881
7567,0,0,-1.5624565604062588
7568,0,1,0.8828888657793037
7569,0,1,1.4248853828968737
7570,0,0,-1.191943164572739
7571,1,1,0.33467748594861507
7572,0,0,-0.7489366662808383
7573,0,0,-0.675923544204458
7574,1,0,-0.33537240848769023
7575,1,1,0.2769848732057962
7576,0,1,0.11378054714043279
7577,1,1,1.113747353565566
7578,1,1,1.1838106526944834
7579,0,0,-1.2510571170151588
7580,1,1,1.2300220396994963
7581,1,0,-0.6289282267914711
7582,1,1,1.168555710702363
7583,1,1,0.3502400023794517
7584,1,1,0.6391287418879406
7585,1,1,0.3691400552926594
7586,0,0,-1.1335498245350224
7587,1,1,0.8373990204390891
7588,0,1,0.1572611500448285
7589,1,1,0.199367054156336
7590,0,0,-1.6984884901874466
7591,0,1,1.0134287500537378
7592,1,0,-0.7693736288874724
7593,1,1,1.4560639162704059
7594,0,1,0.39420441804665846
7595,1,1,1.0161853830327567
7596,1,1,1.1803433444933737
7597,1,0,-0.21021733090225608
7598,0,0,-0.44780841632975693
7599,0,0,-0.5709100618992392
7600,1,0,-0.6790769517697353
7601,0,0,-0.1470312132498885
7602,0,0,-0.24326586736679826
7603,0,0,-0.32310578783802846
7604,0,1,0.08731258760967459
7605,1,1,1.2709152131728794
7606,1,0,-0.8619771573094956
7607,1,1,0.9524781837811016
7608,0,0,-0.7350404058711804
7609,1,1,0.40197183104631923
7610,0,1,0.41338126096093103
7611,1,1,0.8270023596972655
7612,1,1,1.070938500739744
7613,0,0,-0.4680006378918634
7614,0,0,-1.014814298410701
7615,0,0,-1.468311262621797
7616,1,0,-0.9522554915022841
7617,0,0,-0.6485289565831514
7618,0,0,-0.15849189898410382
7619,1,1,0.5420063360859175
7620,1,1,1.1807672296538099
7621,0,1,0.08034216425108404
7622,0,0,-0.16770530285234458
7623,1,0,-0.03832834331934304
7624,0,1,0.0696595261763811
7625,1,0,-0.21478912394579963
7626,0,0,-0.8972763681198634
7627,1,1,1.2417605156561005
7628,0,1,0.23982553724797967
7629,0,1,0.24153479479108425
7630,1,0,-0.9724195676934235
7631,0,0,-0.7807619890915558
7632,1,0,-0.2850655543596321
7633,0,1,0.6049480874669031
7634,1,0,-0.8596090691764225
7635,1,1,0.8187872497760282
7636,1,1,0.7823946312117964
7637,1,0,-0.31058246822295116
7638,0,0,-0.823021901779802
7639,1,1,0.5515801878807314
7640,0,0,-0.05757449922948582
7641,1,1,0.5994341559810248
7642,0,0,-1.2040453842692278
7643,0,0,-0.7698369574713031
7644,1,1,0.6841676144783546
7645,0,1,0.037491799696409533
7646,0,0,-1.1945771914947458
7647,0,1,1.0735224229879128
7648,1,1,0.4024615956291952
7649,1,1,0.7206004226180038
7650,1,1,0.8987866103440054
7651,0,0,-1.470882210637672
7652,1,0,-0.9496974621666059
7653,0,0,-0.6673340476403571
7654,1,1,1.019596572255054
7655,1,1,0.7688938839636652
7656,1,1,1.207518741162216
7657,0,0,-0.12605930741488441
7658,0,0,-1.8569174297192244
7659,1,1,0.2183085728059218
7660,0,1,1.0370138473034625
7661,1,1,0.5947004448999886
7662,0,1,0.7023920144280229
7663,1,1,1.1349431511856278
7664,1,1,0.9193726724620581
7665,1,1,1.04384601911097
7666,1,0,-1.0326700074162176
7667,0,0,-2.0216297372548113
7668,0,0,-1.6105995569757587
7669,0,1,0.5022373290843352
7670,1,0,-0.7478310320487691
7671,1,1,0.8986586694994092
7672,1,1,0.9222388880969783
7673,1,1,0.41634537341213346
7674,1,0,-1.2091896846992738
7675,0,1,1.135952449870442
7676,1,1,0.5655864969360085
7677,1,1,0.47719884288164277
7678,0,0,-0.6112899698841746
7679,1,1,1.0675071550740318
7680,0,0,-0.4708858648744516
7681,1,0,-0.014657582773688005
7682,0,1,0.951826225728756
7683,0,1,0.93164102363295
7684,1,1,1.0408263980308632
7685,1,1,0.5055641287351225
7686,1,1,1.0316784236529069
7687,1,0,-0.544308516783928
7688,0,1,0.9364903918548921
7689,1,1,0.6707709815130407
7690,1,1,0.6043970708416959
7691,0,0,-0.9228650866829816
7692,0,0,-0.2500483955457427
7693,1,1,1.0980275913844708
7694,0,0,-0.3924068099968325
7695,0,1,0.4023683701558553
7696,0,1,0.05216863465342675
7697,0,1,0.6273038482236817
7698,1,1,0.9806569830775973
7699,1,1,0.725482180273902
7700,0,1,0.07793958247295224
7701,0,1,0.9416143956161158
7702,1,1,1.3480477202727281
7703,1,0,-0.31471436666031916
7704,1,1,1.1019448885281409
7705,0,0,-0.4674079213754158
7706,1,1,0.14085650232574837
7707,0,1,0.08728741566030035
7708,0,1,0.9733857448259708
7709,1,1,0.8552858780165089
7710,1,1,0.7683917574955927
7711,0,0,-1.0660090154450848
7712,0,0,-1.1006271504244407
7713,1,1,0.7772756281615623
7714,1,1,1.0748068301050877
7715,1,1,0.9271130761833555
7716,1,0,-0.6289804836956157
7717,1,1,1.1567430999967652
7718,1,1,0.9734951420073383
7719,1,1,0.585818299813506
7720,0,1,0.609930332895831
7721,1,1,0.5768702497023921
7722,1,1,0.6552920499056238
7723,1,1,0.04544228202205941
7724,0,1,0.4498761993032668
7725,0,0,-0.8343516975797405
7726,1,1,1.043761564524398
7727,0,0,-1.1790925159818388
7728,0,1,0.8155169561441837
7729,1,1,1.6752715240842373
7730,1,1,0.21581669352218408
7731,1,1,0.9275214695280658
7732,0,1,0.31612404027033497
7733,1,1,1.1913322418972612
7734,1,1,1.0085685320556754
7735,0,0,-1.1317665202753064
7736,1,1,0.8103876077720855
7737,0,0,-1.0156304357739239
7738,0,0,-1.0981175259278055
7739,1,1,1.1491879051312315
7740,0,0,-1.219006426263973
7741,1,0,-0.4379463305021891
7742,1,1,0.8945678565677584
7743,0,0,-0.216909819063844
7744,1,1,0.862570850343904
7745,1,1,1.0366728076900908
7746,1,1,1.2329002905197202
7747,1,1,1.103761846973752
7748,0,1,1.0055760814982881
7749,1,1,0.41870601345521
7750,1,0,-0.27988325969195404
7751,1,1,0.4986113480513526
7752,0,0,-1.425176307832389
7753,1,0,-0.350143562110923
7754,0,1,0.47979412754690703
7755,1,1,0.8203557953952418
7756,0,0,-0.7592253419428053
7757,0,0,-0.6627437016642845
7758,0,1,0.19743574241836354
7759,1,1,0.2918483689599755
7760,1,1,1.210460841901855
7761,0,1,0.3747764057608934
7762,0,0,-1.3034017096902022
7763,0,0,-1.1543332283181578
7764,1,0,-1.1205250564268063
7765,1,1,1.2008226760661223
7766,0,0,-1.276433307181922
7767,0,0,-1.1600018484642676
7768,1,0,-0.6744049188323031
7769,1,1,0.9189334032109651
7770,1,1,0.7314273053338722
7771,1,0,-0.29904221358732663
7772,1,1,0.45362535607556725
7773,0,0,-0.7094823047765582
7774,0,0,-0.6406129095287587
7775,1,1,1.0488491804489675
7776,1,1,1.3763263304141737
7777,0,1,0.36553741346125507
7778,1,1,0.008418310567847032
7779,1,0,-1.2504570207075942
7780,1,1,1.0161513248107898
7781,0,0,-0.8566511076185508
7782,1,1,0.5393878767814391
7783,0,0,-0.24905645540941018
7784,0,0,-0.5835299773898064
7785,0,0,-0.5566704006724942
7786,1,0,-0.40725821660525974
7787,1,1,1.0602771999457914
7788,1,0,-0.5295872628185043
7789,0,0,-0.9615897449349294
7790,1,1,0.803343842048394
7791,0,0,-0.6318006414623785
7792,1,1,0.2077809204715973
7793,1,1,0.9518519109775478
7794,1,1,1.4322166613935259
7795,1,1,1.6458376656682452
7796,0,1,0.8537459783732162
7797,1,1,1.166501567978318
7798,0,1,0.46377888251274285
7799,0,1,0.15549965705755536
7800,1,1,0.045096341761305114
7801,0,0,-1.0269543224388762
7802,0,1,0.240345524878872
7803,0,0,-0.8848076732981793
7804,0,1,0.9694545992925085
7805,0,0,-0.6881837469708718
7806,1,1,0.13595522361658635
7807,0,1,0.5358860723940444
7808,0,0,-0.23607601377701365
7809,0,0,-1.3023815419238396
7810,1,1,0.7721469681865223
7811,1,1,1.2024285740993588
7812,0,0,-0.3027361733632977
7813,0,1,1.1865279019652237
7814,1,1,0.9071992529097455
7815,0,1,0.8836435906943612
7816,1,1,0.9429902292272823
7817,0,0,-0.07740740479090341
7818,0,0,-0.6725721601955376
7819,1,1,0.058219827776233746
7820,1,0,-0.40147612389214765
7821,1,1,0.8552602496748594
7822,1,0,-0.6986805268186957
7823,0,0,-0.7835988072583022
7824,0,0,-1.5868143872557603
7825,1,1,0.5648485100496317
7826,1,1,0.797201524083891
7827,1,1,1.5050113613010758
7828,1,1,1.066612282502754
7829,0,0,-1.6294115474257023
7830,1,0,-1.2698437280501493
7831,1,0,-0.41290291943097185
7832,0,0,-1.1866125258112452
7833,1,1,0.8576073379697857
7834,1,0,-0.39163334059165705
7835,1,1,0.026499643158025388
7836,0,1,1.0056268826350732
7837,0,0,-0.8544558735048253
7838,0,1,0.9225093230076142
7839,0,1,0.6386224469946742
7840,1,1,0.4788151158452009
7841,0,1,0.25775894811307515
7842,1,1,0.7309080078822383
7843,1,1,1.0839551791256734
7844,0,0,-1.2461514365036543
7845,0,0,-0.7006745849397502
7846,1,1,1.4310448638117836
7847,0,1,0.18027056934939362
7848,1,1,0.35380371594973276
7849,1,0,-0.48692786963336965
7850,0,0,-1.274286253923754
7851,1,1,0.7581590595183842
7852,0,0,-0.7686827756281163
7853,0,1,0.5707263243503242
7854,0,1,0.43712815858179427
7855,0,1,1.5202473216067642
7856,0,0,-1.0754417645850174
7857,0,0,-0.31866606825085275
7858,0,1,0.6644409200657004
7859,0,0,-0.411860665293465
7860,1,1,1.0945480682839062
7861,1,1,1.1560685951343863
7862,0,1,1.3708298028646326
7863,1,0,-0.6643397547070964
7864,0,1,1.3799150012432368
7865,0,1,0.9939883156434768
7866,0,1,0.11177103227425894
7867,0,0,-1.414634227541001
7868,0,1,0.2328508558391323
7869,0,1,0.930859105601292
7870,0,1,0.21148003066636006
7871,0,0,-0.5427484928754568
7872,0,0,-0.6851207435607298
7873,0,0,-0.30795228664851076
7874,1,0,-1.2291420408080667
7875,0,0,-1.084602886935814
7876,1,1,0.9963832404129795
7877,0,0,-1.0743555897012098
7878,0,0,-0.4363700770670429
7879,1,1,0.9353546159096511
7880,1,1,0.8454779568454256
7881,0,1,1.0946429502509858
7882,1,1,0.696343666427214
7883,1,1,1.0511285420840084
7884,0,0,-0.6303267162392354
7885,1,1,0.12123911472723597
7886,0,0,-0.5511603625568808
7887,0,1,1.0410094654333075
7888,1,1,0.2515472146666328
7889,1,1,1.2774348739532888
7890,0,0,-0.5776308706114445
7891,1,1,0.9957945040575744
7892,0,0,-0.8155301681083011
7893,0,0,-0.8756955927652617
7894,1,1,0.65981113858737
7895,1,0,-1.265744613012495
7896,0,0,-0.8862072738583856
7897,1,1,1.5010254563184973
7898,0,1,0.17553843368696193
7899,1,1,0.9386296965136831
7900,1,1,1.0383007148650163
7901,0,0,-0.1464205945060168
7902,0,0,-0.7775497490929932
7903,0,0,-0.8031585018492788
7904,1,1,0.13630916379130914
7905,0,1,0.5764909028750476
7906,1,1,0.7520962574212011
7907,1,1,1.1769508866030036
7908,1,1,0.8933524080433952
7909,1,1,1.1370330749645967
7910,0,1,1.1930471634971147
7911,0,0,-0.9578226378516599
7912,0,0,-0.7769691519987465
7913,1,1,1.060703012979789
7914,0,1,0.22623088989837964
7915,0,1,0.9680607328019459
7916,1,0,-0.11913138757952385
7917,1,0,-1.6044569357995941
7918,1,1,0.8450728058108123
7919,1,0,-0.1915794790768457
7920,1,1,0.9720856915931999
7921,1,1,0.021792962269352623
7922,1,0,-0.7606099136639581
7923,0,0,-1.179140590695842
7924,1,1,0.0236746105911525
7925,1,0,-0.46463252195850807
7926,1,0,-1.0052319678589383
7927,0,1,0.11782653716318642
7928,1,1,1.0140943895952974
7929,0,1,1.122575692386827
7930,1,1,0.9714771877715389
7931,0,0,-1.2361778264679069
7932,1,1,0.3843337818960116
7933,1,1,1.079388062346903
7934,0,0,-0.013586767495474827
7935,0,0,-0.7390816020355899
7936,1,0,-0.09530685418067925
7937,0,0,-0.8910412600612396
7938,1,1,0.13126172937178066
7939,0,0,-0.8686688810625557
7940,1,1,0.3572599001229125
7941,0,0,-0.4977350714419615
7942,1,1,0.6146991200967968
7943,1,1,1.115408660087303
7944,1,0,-0.585969450117006
7945,0,0,-0.5410707968050753
7946,1,1,1.0998840949800461
7947,1,0,-0.4377889225869964
7948,1,1,0.22658331578281526
7949,1,1,1.3430778371362337
7950,0,0,-0.20066086373282632
7951,0,0,-0.6186383130324302
7952,1,1,1.149049901990522
7953,1,0,-0.4831851580926202
7954,1,1,0.7889414843236695
7955,1,1,0.4195578002203772
7956,0,0,-0.852676594418677
7957,0,1,1.1404177687826573
7958,1,1,1.072701556184013
7959,0,0,-0.39514646471567394
7960,1,1,0.9643040021645828
7961,1,1,1.143899005027377
7962,0,1,1.3406860644363259
7963,0,0,-0.5521923749532041
7964,0,0,-0.06984608968317851
7965,1,1,0.6167364641987412
7966,0,0,-0.0798664465474826
7967,1,1,1.6867321464989438
7968,0,0,-0.8932959405336867
7969,1,1,0.42375764111017117
7970,1,1,0.8464896077153468
7971,1,0,-0.046333545880694105
7972,1,0,-0.41667742632283067
7973,0,0,-0.12807471362459133
7974,1,0,-0.9822187834623304
7975,0,0,-1.0424846420821197
7976,0,0,-1.0814454637545747
7977,1,1,1.1855862430639366
7978,0,0,-1.1979709003969357
7979,0,0,-0.6121737302336321
7980,1,0,-0.3576832699636202
7981,1,1,0.6847254674292418
7982,1,1,0.9689805764288433
7983,1,0,-1.4027998282268335
7984,1,0,-0.1857195365036906
7985,1,0,-0.11511867762720779
7986,0,0,-0.5298333659993721
7987,1,1,0.6267750005391399
7988,1,1,0.8541776273823967
7989,1,1,0.5804424960948398
7990,0,0,-1.7442848886744362
7991,1,1,1.0219098258724904
7992,0,1,0.7739954880194939
7993,0,1,0.18023696713272225
7994,1,0,-0.09164881293279997
7995,0,0,-0.4422700423711477
7996,0,1,0.05522407857472528
7997,0,0,-0.48456531921320156
7998,0,0,-0.9968288351477734
7999,0,0,-1.424204531687436
8000,1,0,-0.721567591365478
8001,0,0,-0.40064745453859396
8002,1,1,0.5718162588503111
8003,0,0,-0.7888947919558924
8004,0,1,0.8230744069651252
8005,0,1,0.18666465746070532
8006,0,0,-0.12394811372092057
8007,0,0,-1.2401119776823608
8008,0,1,0.17076425416990776
8009,1,1,0.886316682836596
8010,0,1,1.2364869349332468
8011,1,1,0.14871410277640346
8012,0,0,-1.415516504955139
8013,1,1,0.7058128567233339
8014,0,0,-0.6184674106797617
8015,1,1,0.2860430333732678
8016,1,1,0.08802805886695825
8017,1,1,1.2276537973012285
8018,1,0,-0.6056830023298476
8019,0,1,0.6490561369664285
8020,1,1,0.8411636515762426
8021,0,0,-1.0536795381151234
8022,1,1,0.44569220612473864
8023,0,0,-1.0293961920509993
8024,0,0,-0.5621201319083718
8025,1,0,-0.6429298084225996
8026,0,0,-0.5835958595343387
8027,0,0,-1.0457458701090718
8028,1,0,-0.649406910111044
8029,1,1,1.5053983520999326
8030,1,1,0.2874636313070536
8031,0,1,1.3150005247757746
8032,1,1,0.9889349244674202
8033,0,0,-0.6749019201969357
8034,1,1,0.9452509548240076
8035,1,0,-0.6622092034106212
8036,1,1,1.0162546354848083
8037,1,1,0.5959751794686576
8038,1,1,0.12925924357121304
8039,0,0,-0.8869787253483619
8040,1,0,-0.07137102630326825
8041,0,0,-0.34189791777536277
8042,1,1,1.5145632291117521
8043,1,1,0.769366274244716
8044,0,0,-0.1389164415065655
8045,1,1,0.9085432858868214
8046,1,1,0.2799778026431708
8047,0,1,0.9784681457222082
8048,1,1,1.0421803563728742
8049,0,0,-0.5358126009281788
8050,1,1,0.5058790366066179
8051,0,0,-0.12930278066713868
8052,1,0,-0.13841238093863056
8053,0,1,0.17282246964378484
8054,1,0,-0.4142191689279162
8055,1,1,0.8974235433315969
8056,0,0,-0.9971331327068906
8057,1,1,1.6069625608648406
8058,0,1,0.9066239846631166
8059,1,1,1.0418385392165486
8060,1,1,0.17306169140621336
8061,0,0,-1.0975313839148195
8062,0,1,0.9602249576315252
8063,1,0,-0.18635158375639782
8064,1,1,0.5225340876989395
8065,1,1,0.3718567838953854
8066,1,1,0.9931349374569471
8067,1,1,0.852710014767657
8068,0,0,-1.3321635894474624
8069,1,1,1.1443238184591444
8070,1,0,-0.4937745575121587
8071,1,1,1.1465526797234173
8072,0,1,0.5169426971412501
8073,1,1,0.5313021132457265
8074,1,1,0.8308916737627803
8075,1,1,0.833329957371886
8076,0,1,0.34390690594138
8077,1,1,0.5224617209280658
8078,1,1,0.5656892984368183
8079,1,1,0.9844366873509784
8080,1,1,1.3407894837061787
8081,0,0,-0.24182742206997523
8082,1,1,1.0542035238943082
8083,0,0,-1.4959117795759624
8084,1,1,0.42639007569792226
8085,1,1,1.3968122396473774
8086,0,0,-1.3507828976231626
8087,1,1,0.9818391659586672
8088,1,1,1.1929732280729446
8089,1,0,-0.8980333046427196
8090,1,0,-0.9162021581931394
8091,0,0,-0.35168059445388117
8092,1,1,0.6491878796548596
8093,0,1,0.30874657187211013
8094,0,0,-0.5035262567052657
8095,1,1,0.9333613304855877
8096,1,1,0.20016163349980282
8097,1,0,-0.6551910796645104
8098,0,1,0.8075956387155496
8099,0,1,0.5199534526690313
8100,1,0,-0.5514207194172936
8101,0,0,-0.9120107967162507
8102,0,1,1.3887411046490348
8103,1,1,1.300174837221704
8104,0,1,0.5850195809245997
8105,0,0,-1.2295593178651045
8106,0,0,-1.2604042274391625
8107,1,1,1.208626888496012
8108,1,1,1.1837277406988735
8109,1,1,0.9710987911637698
8110,0,0,-0.8720431220774698
8111,0,0,-0.5476877441581848
8112,1,1,0.9759079649841711
8113,1,1,1.2222594302681142
8114,1,1,0.7482884520994972
8115,1,1,1.2652026166715498
8116,1,1,0.8162545336562548
8117,1,1,1.0376782607356543
8118,0,1,1.0610481812774948
8119,1,0,-0.11041383887295553
8120,1,1,0.4067370998140583
8121,1,0,-0.2605541460593698
8122,1,0,-0.4088780616407276
8123,1,1,1.453994564020674
8124,1,0,-0.21050646748564233
8125,0,0,-0.4515385504355177
8126,0,1,0.14575650342513685
8127,0,0,-0.7473941974857072
8128,0,0,-1.2213779997960854
8129,1,1,0.7244472931173307
8130,0,0,-1.183618914371946
8131,0,1,0.8230577625163917
8132,1,1,0.4903467564809508
8133,1,0,-0.11054601071355136
8134,0,0,-0.6704895821600679
8135,0,0,-1.3813401598684334
8136,0,0,-1.209580472861381
8137,1,1,0.15660771437362114
8138,1,1,1.0664529292769038
8139,1,0,-0.4789735545705742
8140,1,1,0.4596688146807247
8141,0,0,-1.170177211914982
8142,0,0,-1.4773114213293042
8143,0,0,-0.9305778594856473
8144,0,0,-0.6755047649301889
8145,0,1,0.8962868769565064
8146,0,1,0.4991281102625538
8147,1,1,0.535347994551985
8148,0,0,-0.07949521921084929
8149,1,1,0.019270984015894166
8150,0,0,-0.14978256232227216
8151,0,0,-0.5209859779426232
8152,0,0,-0.4408881498105088
8153,1,0,-0.43213005794485215
8154,0,1,0.07499133804237029
8155,0,1,0.03257272398605565
8156,1,1,0.6011289966802755
8157,0,0,-0.6904473023899681
8158,0,1,1.17112716384515
8159,0,1,0.629958489135769
8160,1,0,-0.21944514982100316
8161,0,1,0.3662937003490468
8162,1,0,-0.8321703052757288
8163,1,1,0.8415520283981786
8164,0,0,-0.9432802672833849
8165,1,1,1.221864074136791
8166,0,1,0.5914057990155523
8167,1,1,0.8939999290046179
8168,1,0,-0.42679078663779124
8169,1,1,1.3520006280812433
8170,0,0,-0.7453191876080545
8171,1,1,0.6051028586198721
8172,0,0,-0.7843134052173546
8173,1,1,1.1643835010830768
8174,1,1,1.2352281388357254
8175,0,1,0.5821662420302212
8176,0,1,1.0930982107706897
8177,1,1,1.2239167310723114
8178,0,1,0.09948707113231986
8179,1,1,0.8183156769035178
8180,1,0,-0.7451092956233409
8181,0,1,0.978207064752675
8182,0,0,-0.6371006744824115
8183,0,0,-0.7840640024479011
8184,1,1,0.8631270725894993
8185,1,1,1.4368887839537992
8186,1,1,0.6817366140644785
8187,0,1,1.125554449977922
8188,0,0,-0.6793989745843114
8189,1,0,-0.12288208606681206
8190,0,1,0.7028749194867228
8191,0,0,-1.1349676384130434
8192,1,1,0.5037727886812449
8193,1,0,-0.5203516670076132
8194,1,0,-0.7050673492553073
8195,0,0,-0.49786577784544256
8196,0,0,-0.3082075154065548
8197,0,1,0.47406321265377344
8198,1,1,0.22317285199220355
8199,0,0,-1.2561436281870577
8200,0,0,-0.8749331400407105
8201,0,0,-1.1985299229411335
8202,0,0,-0.8501488138007331
8203,1,1,0.45841595898128734
8204,0,1,0.6896650283924797
8205,0,0,-0.9163553028258937
8206,1,1,1.0679504138936224
8207,0,1,0.7891135594345697
8208,1,1,0.4326386585092649
8209,1,1,1.4104516050836855
8210,1,1,1.058686843390998
8211,0,0,-1.2797022988648084
8212,0,0,-0.7416164787286011
8213,1,0,-0.9924186899432339
8214,0,0,-0.7449823282733283
8215,1,1,0.37626602619301935
8216,1,1,0.42827748641020263
8217,1,1,0.8224235279661483
8218,1,1,0.0942647676640685
8219,0,0,-1.5105758984563127
8220,1,1,0.2647462422413647
8221,0,0,-1.698509232886572
8222,1,1,1.0749229981560335
8223,1,1,0.6644167638415179
8224,1,0,-0.4941621243468928
8225,1,1,1.1017347875083832
8226,0,1,0.583164225935175
8227,0,0,-1.3025734157221378
8228,1,0,-0.5341393297179469
8229,1,0,-0.02440872695402635
8230,1,1,0.37450085423706986
8231,1,0,-0.4004354296262339
8232,0,1,0.061251140809823024
8233,1,0,-1.2112936942035162
8234,1,1,0.03887444587015215
8235,1,1,1.1097925479743493
8236,0,0,-0.9583380537293364
8237,1,0,-0.29699569420243843
8238,1,1,1.6168363900489724
8239,1,1,1.0257117767058546
8240,0,0,-1.4337132204438248
8241,0,0,-0.21619834345928557
8242,0,1,0.8697054602716541
8243,1,1,0.8532748467451514
8244,0,1,0.8134025277929051
8245,1,0,-0.8879688697172459
8246,0,0,-1.0129243445821896
8247,1,0,-0.46951311528422723
8248,1,1,0.12382490097367788
8249,0,1,1.1734754184517973
8250,0,0,-0.46864661193158413
8251,1,0,-0.25813445225280485
8252,1,1,0.5700039020069989
8253,1,0,-0.7756087749235248
8254,0,1,0.3159377659127874
8255,1,1,1.222249460365437
8256,1,1,0.7810725043296385
8257,1,1,0.06972661616922987
8258,1,1,1.051634463918671
8259,1,1,0.6624107779974875
8260,1,1,0.799472662299376
8261,1,1,1.332448720679238
8262,0,1,0.950456933737915
8263,0,0,-0.8972984096521128
8264,0,0,-0.6965223270520504
8265,0,1,0.1615939834763152
8266,0,0,-1.2154644188978536
8267,1,1,0.12681429202450872
8268,0,0,-0.07437050758421304
8269,0,1,0.5199124759504536
8270,1,0,-1.0396407103577525
8271,0,0,-0.041365064337485435
8272,0,0,-0.15594159803171564
8273,1,1,1.3479694831726046
8274,0,0,-0.25433522487593874
8275,0,1,0.40754463209536435
8276,1,1,0.08813822686870004
8277,1,1,0.30978313016355735
8278,1,0,-0.007344208408554709
8279,0,0,-0.862903982715153
8280,1,1,1.2109483700918704
8281,0,1,0.4847476819409305
8282,0,1,1.2848572614504357
8283,0,0,-1.0623437878714963
8284,1,1,0.5317237044271348
8285,1,0,-0.36647873972738443
8286,0,0,-0.8081280370929154
8287,0,1,0.0902104585606805
8288,0,0,-0.2980343707815908
8289,0,0,-0.8663168722706541
8290,0,1,0.3667505335370574
8291,1,0,-0.47901839588214523
8292,1,1,1.010169089697839
8293,1,1,0.8684818555675706
8294,0,1,0.292141043172987
8295,0,0,-1.4415971958399771
8296,0,1,0.09207645597066466
8297,1,1,0.9453597704283385
8298,1,0,-0.13218754254528925
8299,1,1,1.032826337537971
8300,1,0,-1.367217092182101
8301,1,0,-0.3086832014027581
8302,0,1,0.53431372231588
8303,0,0,-0.09620051162403115
8304,1,1,0.6660075411120892
8305,1,1,1.239245090843617
8306,0,0,-0.9742942684575451
8307,0,0,-0.9053436284912048
8308,1,1,0.7452995697207823
8309,1,1,0.6696591095990057
8310,0,0,-1.4213013267534393
8311,1,1,0.08931418253211693
8312,0,1,0.5836203002042866
8313,0,0,-0.9550273994097553
8314,0,0,-0.8538537417076335
8315,0,1,0.37811134132618557
8316,1,1,1.1316717091747786
8317,1,1,0.980295099485412
8318,1,1,0.7441404313375977
8319,1,1,0.9695468160623677
8320,1,0,-0.4899165371672278
8321,1,0,-0.18900859565822398
8322,1,0,-0.5957896019761727
8323,0,1,0.9121688388538032
8324,0,0,-0.8522478950705197
8325,0,1,0.1917032129797221
8326,1,1,0.6117485866510863
8327,0,0,-0.11607297271263772
8328,1,0,-0.5369128469261734
8329,0,1,0.0161152846558692
8330,0,0,-0.8897803765527628
8331,0,1,0.40899384420466706
8332,1,0,-0.47419991410413626
8333,0,1,1.0101044756752795
8334,0,1,0.5923222497040344
8335,0,1,1.2682774714323841
8336,0,1,0.4903903985695052
8337,0,1,0.64470612552553
8338,1,1,0.2121958850592351
8339,0,1,0.9669665015862374
8340,0,1,0.8154450645527711
8341,1,1,0.949873035407395
8342,1,1,1.0870682745197868
8343,0,1,0.29050271078313655
8344,1,1,0.7348688521838742
8345,1,0,-0.581517466569298
8346,1,0,-0.09969802334886507
8347,0,0,-1.9431116800074661
8348,1,1,0.5876656618660685
8349,1,1,0.843535279371405
8350,0,0,-1.0752341964388434
8351,0,0,-0.7341822481733966
8352,0,0,-1.4874739073116487
8353,1,1,1.0401417766792407
8354,1,1,0.3952052621244481
8355,1,0,-0.05406304008987611
8356,0,1,0.1289486756001041
8357,0,0,-1.4186971270772741
8358,0,0,-0.32884623640415345
8359,1,1,0.7920063454296751
8360,0,0,-1.5199733674941132
8361,0,0,-0.5473354475976233
8362,1,1,0.05056113280002167
8363,1,1,0.6008235346627759
8364,0,1,0.021710406486313727
8365,1,0,-0.3780762370373367
8366,1,1,1.2764782120534686
8367,0,1,1.6757275613301958
8368,0,1,0.39875744458232937
8369,0,0,-0.7444679707182631
8370,1,0,-0.3838752995999135
8371,0,0,-0.8002428797263095
8372,1,1,0.6675133902616723
8373,1,0,-0.6973003974742114
8374,1,1,0.5868275068280557
8375,0,0,-1.6377806398036516
8376,0,0,-0.170245616704379
8377,1,1,0.9879093976114903
8378,0,0,-1.2317045792465047
8379,0,1,1.1654534807337644
8380,0,0,-0.6716422245821481
8381,1,1,1.114836189651746
8382,1,1,0.8493518822355286
8383,1,1,0.6838463685706837
8384,0,1,0.6958981808696445
8385,0,1,0.10741594667594573
8386,1,1,1.469515629931935
8387,0,1,0.38025743649331917
8388,0,0,-0.8340667108443294
8389,1,1,0.8747312240756018
8390,1,1,1.2085788926546321
8391,1,1,0.14938907474069324
8392,0,1,0.2237698801741061
8393,0,0,-0.9444446453999221
8394,0,0,-1.1771301731442485
8395,1,1,0.32808556858894283
8396,1,1,1.0252335969478379
8397,0,0,-0.7209965910758487
8398,1,1,0.6391184470512834
8399,1,1,0.6897581715825523
8400,0,1,0.7346618873200641
8401,1,1,1.1272580797764657
8402,1,0,-0.6979659930680006
8403,1,0,-1.202409755825181
8404,1,0,-1.2760105464780596
8405,1,1,0.8610883253717019
8406,1,1,0.39207714474494687
8407,0,0,-0.32832993401137917
8408,0,0,-0.597853253678741
8409,1,0,-1.0134664659108419
8410,0,1,0.9821896939389576
8411,1,1,1.0055739324657758
8412,1,0,-0.3766075113538331
8413,0,0,-0.0812938805781373
8414,1,0,-0.1834578077489954
8415,1,1,0.6236354144853224
8416,1,0,-0.1661721515729832
8417,1,0,-1.575751436170704
8418,1,1,0.18730507905277
8419,0,0,-1.503158091332243
8420,0,0,-0.6409921271071339
8421,0,1,0.9902339549192363
8422,1,1,0.7648172872769561
8423,1,1,1.1757087661381935
8424,1,0,-0.615360767414404
8425,0,0,-0.048306116192959436
8426,1,1,1.3217391465916488
8427,1,0,-0.5386732539086398
8428,0,1,0.2776733420290081
8429,1,0,-0.6260508209784238
8430,0,0,-1.079741584540928
8431,0,1,1.140654035908332
8432,1,1,0.1424580338687807
8433,0,1,0.14976081164342153
8434,0,1,1.1559230023604214
8435,1,1,0.2659072968027963
8436,1,1,0.18309039650296738
8437,0,0,-1.317714188479616
8438,0,1,0.05098708620795861
8439,0,0,-0.7935996743604654
8440,1,1,0.23616799758601908
8441,0,0,-0.24612822523803413
8442,0,0,-1.292951183091801
8443,0,0,-0.3020146883894008
8444,1,1,0.05768560075773982
8445,1,1,0.8955500911989358
8446,1,1,0.5792491800946884
8447,0,1,0.08533298604680367
8448,1,0,-0.49964276358167814
8449,0,1,0.3214832206764601
8450,1,0,-0.9280636719182633
8451,1,0,-0.32199784456090097
8452,1,0,-1.5240266029845786
8453,1,1,0.5099113301876999
8454,0,0,-0.3522794109665024
8455,0,1,0.5109240402711321
8456,1,1,0.9965792340317761
8457,0,0,-0.744024847208409
8458,0,0,-0.17243877150909342
8459,1,1,1.0731858467523607
8460,0,0,-0.6588593555414168
8461,1,1,0.9810004175825171
8462,1,1,0.312681040134768
8463,1,1,0.5181114975248162
8464,0,0,-0.997522126521001
8465,0,0,-1.7069984112724235
8466,1,1,1.179875142762706
8467,1,0,-0.34625864020976727
8468,0,1,0.7035990938320089
8469,1,1,1.08299404710942
8470,0,0,-0.2647175062424104
8471,1,1,1.248460622955697
8472,0,0,-0.15527210660174978
8473,0,1,0.42011110137756363
8474,0,1,0.3777241217040123
8475,1,1,0.17018656414894778
8476,0,0,-1.094121077470338
8477,1,1,1.0541027740677378
8478,1,1,1.2685163050209074
8479,0,1,0.45551002704572924
8480,0,1,1.3209207267566394
8481,0,1,0.7685951819468151
8482,1,0,-0.21019157510544106
8483,1,1,0.706645787132751
8484,0,0,-0.004631795533214078
8485,0,1,0.2726100425877937
8486,1,1,0.9173244875177704
8487,0,1,1.1886584824223971
8488,0,0,-1.2207498089913589
8489,0,1,0.3378696505033382
8490,1,0,-1.1178764668324692
8491,0,0,-1.3237896588507683
8492,1,1,0.853408304665672
8493,0,0,-0.3665002063342274
8494,1,1,0.3876488626970614
8495,0,0,-0.2805079866177978
8496,1,1,1.4698723075861209
8497,1,1,0.9526074826380357
8498,0,0,-1.9056291688869043
8499,1,1,0.5911365024895765
8500,0,0,-0.07446118616142022
8501,1,0,-0.6329978230453903
8502,0,1,0.0025893460102541788
8503,1,0,-0.9252545298593539
8504,1,1,0.17282153210345413
8505,0,0,-0.6614808080410369
8506,0,0,-1.1102801007626877
8507,1,1,0.7943063020962406
8508,0,0,-0.22002389143251935
8509,1,1,1.0963614295119968
8510,0,1,0.12325172674965384
8511,0,0,-0.5190279346383049
8512,1,0,-0.8123821551187576
8513,1,1,0.14134756291945877
8514,0,0,-1.1864461906071433
8515,0,1,1.0639409087841902
8516,1,1,0.7022390087120929
8517,0,1,0.004207466779333202
8518,1,1,0.9403449360965341
8519,1,1,0.03152080668479579
8520,1,1,1.0354104083812925
8521,0,0,-0.5797012802781576
8522,1,0,-0.5752524712613817
8523,0,1,0.7392633428613022
8524,0,0,-0.8971958838397729
8525,1,1,0.9605643426804629
8526,1,1,0.4198005086122139
8527,0,1,0.5524870880373374
8528,1,0,-1.157152601332522
8529,1,1,1.25584004702181
8530,0,0,-0.5882711886135302
8531,1,1,0.9288189433509233
8532,1,1,0.9268872677421329
8533,1,1,1.4148902860252088
8534,1,1,1.4740986993332046
8535,0,0,-1.1087173427259294
8536,1,1,1.1697567110893785
8537,1,0,-0.11061864320105258
8538,0,1,0.5024494994308395
8539,0,0,-1.2032427162699288
8540,0,1,0.5321449244219982
8541,0,0,-0.3236218784370803
8542,0,1,1.0803799299150798
8543,0,0,-0.5121499975609987
8544,1,0,-0.49075085630904824
8545,0,0,-0.4180396945930432
8546,1,1,1.3444042924818893
8547,1,1,0.25129501360363776
8548,1,1,0.6983144298344122
8549,1,0,-0.5623032814721294
8550,1,0,-0.14328665654981526
8551,0,0,-1.6035548414065632
8552,1,1,1.1352661172058962
8553,0,1,0.41888595057017025
8554,0,1,0.8550234194349273
8555,1,1,0.2576130773329905
8556,0,0,-1.287228375602704
8557,1,1,0.6926343058248419
8558,0,0,-1.2185992021708083
8559,0,0,-0.7971055532912505
8560,0,0,-1.7966557208634275
8561,1,1,0.622585806654969
8562,1,0,-0.7293705534626398
8563,0,1,0.45582201756345503
8564,1,1,1.018761162978808
8565,0,1,1.06287865682638
8566,1,1,1.0942739273275888
8567,1,1,0.9434712208221432
8568,0,0,-0.8262395356477945
8569,0,0,-0.9943366533781868
8570,0,0,-0.3596894493327698
8571,1,1,0.6788339038586586
8572,1,1,0.5243837824001318
8573,1,1,1.6418425317014615
8574,0,0,-0.5411679976411246
8575,0,0,-0.3202570336088001
8576,0,1,1.0143883169547376
8577,1,1,0.35980232236282156
8578,0,1,0.9952159878153164
8579,1,1,1.4300093253875632
8580,1,0,-1.341510074579625
8581,0,1,0.6228228330050709
8582,1,0,-1.4829709797931094
8583,0,0,-0.8208227907094008
8584,1,1,0.6870699371552347
8585,0,1,0.059656565835291275
8586,1,0,-0.586823442026785
8587,1,0,-0.026257970344331805
8588,1,0,-0.8617450836879864
8589,1,1,1.157263526783221
8590,0,0,-1.3810283332675104
8591,0,1,0.6292472135388532
8592,0,0,-0.30096541584038666
8593,1,1,1.1505683249079648
8594,0,1,1.1496536998014495
8595,0,0,-0.7496259665616052
8596,0,1,1.433683424385632
8597,1,1,0.7309444960406062
8598,1,0,-0.2741661316157957
8599,0,0,-0.09544788735112691
8600,0,1,0.48275152179951014
8601,1,1,1.1713921039196584
8602,1,1,0.45777708302956016
8603,0,0,-1.5801913908570735
8604,0,1,0.30150012237886753
8605,0,1,0.3604965535337497
8606,1,1,0.6753247971786818
8607,0,0,-0.7327991267733915
8608,1,0,-0.9357108741205362
8609,0,0,-1.0062531377032056
8610,1,1,1.0296463455404397
8611,1,0,-0.2883979169496823
8612,0,1,0.6383420512144482
8613,1,1,0.8790260894856294
8614,1,0,-0.8181650630655801
8615,1,1,0.06080588505747092
8616,0,0,-1.006617386252752
8617,1,0,-1.1881945104644958
8618,0,1,0.8599556695209745
8619,0,1,0.5994605924549339
8620,1,1,0.8015614269932125
8621,0,1,0.36305985352236453
8622,1,0,-0.06759368122749482
8623,1,0,-1.7178197027581912
8624,0,1,0.2882160970619086
8625,1,0,-1.174805558910578
8626,1,0,-0.020301354216446688
8627,0,1,0.49346626485491935
8628,1,0,-1.1663247799031455
8629,1,1,1.1096569962376475
8630,0,0,-1.0982047328392979
8631,0,0,-0.18369467734458633
8632,1,1,1.1768684495715622
8633,1,0,-0.1418399958734587
8634,0,0,-0.1399267358200365
8635,1,1,1.210417607780065
8636,0,1,0.8043549520719084
8637,1,1,1.104974301575544
8638,1,1,1.2453966297769172
8639,1,1,1.0644674355375328
8640,1,1,1.0867612278362335
8641,0,0,-0.5309560967512168
8642,1,1,0.8250178352653301
8643,0,0,-1.0291300194284752
8644,0,0,-0.6909624368645115
8645,1,0,-0.7977072165640687
8646,1,1,1.495818788872929
8647,1,1,1.1609100795315503
8648,1,1,0.5817340364789305
8649,0,0,-0.8568122027501168
8650,1,1,1.2912344821914212
8651,1,1,1.2422987443922782
8652,0,0,-0.060219766193130686
8653,1,1,0.19135716649514783
8654,0,0,-1.199754525870837
8655,1,1,1.3532668577876366
8656,1,0,-0.33392440149684915
8657,1,1,0.6633285328642062
8658,1,1,0.518721653977372
8659,0,0,-1.514224213232247
8660,0,1,0.9078033443404434
8661,0,1,0.7090281217889973
8662,0,1,0.892008422310488
8663,1,1,0.3607839365840266
8664,0,0,-0.329296139534777
8665,1,0,-0.8083978026363117
8666,0,1,0.8350579954986721
8667,0,1,0.509722726065807
8668,1,1,0.9829181044523869
8669,1,1,1.290609639785353
8670,1,1,1.2585663435395875
8671,0,0,-0.02370845824567519
8672,1,1,0.5924653874432455
8673,0,1,1.3211069436492016
8674,0,1,0.24767816365163348
8675,1,1,0.9259937055558289
8676,0,1,0.24787472370895675
8677,1,1,0.341672324160373
8678,0,0,-1.033451852474367
8679,1,1,0.9892230391741883
8680,0,0,-1.0221201418875643
8681,1,1,0.5270881175425663
8682,1,1,0.9849540680649753
8683,1,0,-0.22547659512925844
8684,1,0,-1.155710305907378
8685,1,0,-0.6937659636848101
8686,0,0,-0.02474145691246077
8687,1,0,-0.04446745414479086
8688,1,1,0.24956063845281712
8689,1,0,-0.9766768158018653
8690,0,1,0.6246089890788824
8691,0,1,0.186821334760005
8692,0,0,-0.47606903970959086
8693,1,1,0.5786474610346264
8694,1,1,0.1145600891324719
8695,0,1,0.1850311868188676
8696,1,1,1.1022289010997857
8697,1,1,0.5168931653107085
8698,1,1,1.1058173608668085
8699,1,0,-1.0251631326784618
8700,1,1,1.3533641963808478
8701,1,1,0.745161114411617
8702,0,1,1.1467600090285173
8703,1,0,-0.9691077292616497
8704,0,0,-0.19822452313743838
8705,1,1,1.1416663469721524
8706,0,0,-1.1581439288107638
8707,0,1,0.05219459706905388
8708,0,0,-0.6167257934198007
8709,0,0,-1.4819598719821738
8710,0,0,-0.6808474119093284
8711,0,0,-0.9397106842899572
8712,0,1,0.9776860968504844
8713,1,0,-0.6260442112790674
8714,1,1,1.0103346439245309
8715,1,1,1.117414089538704
8716,1,1,0.9002969799913312
8717,0,1,0.8611882492956362
8718,1,1,1.392239457445152
8719,1,1,1.118170199319258
8720,0,0,-0.5744047726333463
8721,1,1,1.333743813150925
8722,0,0,-0.28737788913910023
8723,1,0,-0.04942038388938069
8724,1,1,0.2940066025376587
8725,0,1,0.8532032349642273
8726,1,0,-0.6571630151500266
8727,1,1,0.7162503067031394
8728,1,1,0.7085076636027985
8729,1,1,0.8733141072826167
8730,1,1,0.34672500039972204
8731,1,1,0.36020752258529526
8732,1,0,-0.7379185009793956
8733,0,1,0.8404694069322969
8734,0,0,-0.309263326216428
8735,1,0,-0.96984232462982
8736,0,0,-1.5978175912049084
8737,1,1,0.961445121552162
8738,1,1,0.1487357996818049
8739,0,0,-0.1705142171495233
8740,0,1,0.02863462682106377
8741,0,1,0.008404608861283747
8742,1,0,-0.13741597700580854
8743,0,0,-0.07001744654293868
8744,0,1,0.857321927078226
8745,0,0,-0.40124251148086
8746,1,0,-0.7471140469295523
8747,0,0,-0.1820002123213555
8748,1,0,-0.2912900596719221
8749,1,1,1.129591379076925
8750,1,1,1.22614276778484
8751,1,0,-0.7593122348447467
8752,1,1,0.3388916398729572
8753,0,1,0.7840592940269913
8754,1,1,1.1089925065097717
8755,1,1,1.199189599050894
8756,0,0,-0.2469015293011668
8757,1,1,0.2792229356805473
8758,1,0,-0.6950723771304572
8759,1,1,0.9353635328551761
8760,0,0,-0.37843396676162555
8761,1,1,0.4841142040159255
8762,1,1,0.06759953578730055
8763,0,0,-0.44050152761863093
8764,1,0,-0.11817832019185753
8765,0,0,-0.7885912055579473
8766,0,1,0.5844920026525302
8767,0,1,0.9427145132736321
8768,0,0,-1.0271842675299534
8769,1,1,0.775722278508644
8770,0,0,-0.1278821790275395
8771,0,0,-1.1896947762271521
8772,1,0,-1.3109150183275933
8773,0,0,-0.9510505391127562
8774,1,1,1.1645250122714796
8775,0,0,-1.1664252496077459
8776,0,1,0.8666274648755803
8777,1,1,0.6159645433269214
8778,1,1,0.9853934676043812
8779,0,0,-0.8932102732005767
8780,0,1,0.02306652748023491
8781,0,1,1.0654914092413605
8782,1,1,1.5396358835453974
8783,1,1,0.3511191139460979
8784,1,1,0.5538529719075451
8785,1,1,1.0856634037552082
8786,1,0,-0.471040528010111
8787,0,0,-0.09933385488050755
8788,1,1,0.8519482746748777
8789,0,0,-1.1597463526734497
8790,1,1,0.9462073458890945
8791,0,0,-1.1541332709926118
8792,0,1,0.4166286057922532
8793,1,0,-0.12452998868188808
8794,0,0,-1.7280230410520856
8795,0,0,-0.7743574185830526
8796,1,0,-0.40796555454261696
8797,1,1,1.0648125984250105
8798,1,1,0.9999281679543919
8799,1,1,1.1526551209381084
8800,1,1,1.0315236485024835
8801,1,1,1.3683699185294933
8802,0,0,-0.08747539728862558
8803,1,0,-0.077765286390506
8804,0,0,-0.6806806160417581
8805,1,1,0.8373620790500145
8806,0,0,-1.8092332496131365
8807,0,0,-1.056182517755585
8808,0,0,-1.7703214277988466
8809,1,1,0.8510099081783467
8810,1,0,-0.507978600921499
8811,0,0,-0.09886549424968133
8812,0,0,-1.6194165019934788
8813,1,0,-0.39062207472091504
8814,1,1,0.1566102686473621
8815,0,1,0.45251867767848813
8816,1,0,-0.4795935881474981
8817,1,1,1.173577616058755
8818,1,1,1.574462656518611
8819,0,0,-0.7085403371612495
8820,1,1,1.210786658739087
8821,0,1,0.7765244898110413
8822,0,1,1.4794788984997969
8823,1,1,0.20139833013338487
8824,0,0,-0.11105078127994233
8825,0,0,-1.0614773666305224
8826,1,1,0.8553779618419655
8827,0,1,0.4045619428371114
8828,0,0,-1.4293584445719016
8829,1,1,0.866175303722241
8830,0,0,-0.20389612094634518
8831,0,1,1.0572635448860124
8832,0,1,0.8531994436601644
8833,1,1,0.033877618272385834
8834,0,0,-0.5242368866499816
8835,1,1,0.12387302721774268
8836,0,1,0.22132092817919818
8837,0,0,-1.2238459271820639
8838,0,1,0.654097892895317
8839,1,0,-0.30014374541473177
8840,0,0,-0.14593400701775378
8841,1,1,0.5691731769127857
8842,0,0,-1.1892215991546446
8843,1,1,0.9934435776429715
8844,0,0,-0.3586958252388922
8845,1,0,-0.056161496206246275
8846,0,1,0.6952500445801413
8847,0,0,-1.5908507903982354
8848,1,1,0.4726113437197987
8849,1,1,0.6073989069661132
8850,1,0,-0.6846500972338312
8851,0,0,-0.07876105389551497
8852,1,1,0.653763457234031
8853,1,1,1.0821458620560593
8854,1,1,1.2182736341793492
8855,0,1,0.052866201025999204
8856,1,1,0.41278539426861055
8857,0,0,-1.206601879009856
8858,1,1,0.6009783229339545
8859,1,1,0.8389552473974868
8860,1,1,1.4041399071946157
8861,0,1,0.6734047854504017
8862,0,0,-0.6390026724854712
8863,0,0,-0.1189312422701505
8864,0,0,-0.9376527004364698
8865,1,1,0.9515333331084026
8866,1,0,-0.8131383038563847
8867,1,1,0.5798172845067839
8868,1,1,1.4827830704139138
8869,0,1,0.18471033449775204
8870,0,1,1.0839723638535892
8871,1,1,0.009149517792771344
8872,0,1,0.0910984567063618
8873,0,0,-0.8280157423391086
8874,0,0,-1.0348462998495884
8875,1,1,1.1835211777191839
8876,1,0,-0.6762901958649796
8877,1,0,-0.0695169835435751
8878,0,0,-0.7255952391941249
8879,1,1,1.1111804736275501
8880,1,1,0.47028346731713716
8881,1,1,0.7687371753096808
8882,0,0,-1.0149798953420772
8883,1,1,0.9998781908693186
8884,1,1,0.9064232352753758
8885,1,1,1.1274461195601364
8886,0,1,1.1877577064170388
8887,1,1,1.0778778784385892
8888,0,0,-0.16427801369806405
8889,0,1,0.5281670825254079
8890,1,1,1.1013771622906339
8891,0,1,1.2690965535067404
8892,1,0,-0.13595571828892433
8893,0,0,-0.5092814237489814
8894,0,1,0.9300296463010689
8895,1,1,0.7597960054511694
8896,0,1,0.7552834683802774
8897,0,0,-1.096072647110599
8898,1,1,0.23882554920947457
8899,1,1,0.42528388398984324
8900,0,0,-2.2165394594057224
8901,1,0,-0.7211703554691973
8902,1,0,-1.4645819761065124
8903,1,0,-0.4788807536941492
8904,0,1,0.27394579892422893
8905,0,1,0.11927694559966079
8906,0,1,1.1482863246207689
8907,1,0,-0.4368226783053074
8908,0,0,-0.7850185793464124
8909,1,1,0.5481488304395548
8910,0,1,0.057176939927717496
8911,0,1,1.3698058507973028
8912,0,0,-1.0264898494831804
8913,0,0,-0.25926840308989946
8914,1,0,-0.2724626198753831
8915,0,1,1.3371068855897876
8916,0,1,0.9843169893063237
8917,1,1,0.3806609223218819
8918,1,1,0.9094433260899129
8919,0,0,-0.9426684370454219
8920,1,1,0.22911422016686972
8921,0,1,0.1087680176730566
8922,1,1,0.6583203697903284
8923,0,0,-0.5801196143832628
8924,1,1,0.726701459625033
8925,0,0,-1.0139862042720902
8926,1,0,-0.042306662374491544
8927,0,0,-1.6695261109048987
8928,0,1,0.39648179518672727
8929,0,0,-2.1295163326047657
8930,0,0,-1.3321566949898354
8931,1,1,0.7489738409899511
8932,0,0,-0.8492306906133044
8933,1,1,0.46240602494074384
8934,0,0,-0.2198848509974961
8935,0,0,-0.6215436643714378
8936,0,1,0.7685939217628881
8937,1,1,0.44623127884415
8938,0,0,-1.4324952721067088
8939,1,1,1.1845654045047316
8940,0,0,-0.18350442660198885
8941,1,1,0.8000711632667756
8942,1,1,0.5715594434472271
8943,1,0,-0.9594940683186612
8944,0,0,-1.0295704723857577
8945,1,1,1.2262188044928979
8946,1,0,-1.1685899951425396
8947,0,0,-0.3073150547920538
8948,0,1,0.1847015656415833
8949,1,1,0.6521709466299681
8950,1,0,-0.06475959931742353
8951,0,0,-0.7356113174068559
8952,0,0,-0.2691277764360919
8953,0,1,0.8356274695186601
8954,0,0,-1.596309806717042
8955,1,0,-0.24257477478009395
8956,0,0,-0.1265450353173042
8957,1,0,-1.1473092889519556
8958,0,1,0.8396920319517223
8959,0,0,-1.1335759548146314
8960,0,1,1.2524468359511214
8961,1,0,-0.01731104362769964
8962,1,1,1.0323697724812997
8963,0,0,-0.05383167075860973
8964,1,0,-0.41336193169827
8965,0,0,-0.9294866701539115
8966,1,1,0.9398728066490094
8967,1,1,0.3132440917845009
8968,0,0,-1.2043110528579632
8969,1,0,-0.34322282787775327
8970,1,1,1.033619797754622
8971,1,1,0.5249943498077525
8972,1,1,0.1570599507593719
8973,1,0,-0.0016600132178082316
8974,0,0,-0.09921433043920463
8975,0,0,-0.6065921212861833
8976,1,1,0.43542142383608323
8977,1,1,0.7994625789114638
8978,0,0,-0.0016053526089743753
8979,1,1,0.9778333979873239
8980,0,0,-0.438825902006079
8981,1,0,-0.3563253944567246
8982,1,1,1.314906788972725
8983,0,0,-1.2526871580015515
8984,1,1,0.5325258301606142
8985,1,0,-0.5120533671494957
8986,1,0,-0.4452204008589996
8987,1,1,1.1818187683799637
8988,1,1,0.9526547012073798
8989,1,1,0.4953863352506685
8990,1,1,1.0995816360315092
8991,0,1,1.183473037818261
8992,0,0,-1.3129107820771417
8993,1,1,0.857316662400105
8994,1,0,-0.43079680500590056
8995,1,1,1.0844989776619658
8996,0,1,1.0219731781183572
8997,0,1,0.7802501716442021
8998,1,0,-0.9963731349760303
8999,1,1,0.7868173987281459
9000,1,0,-1.383986219736938
9001,1,1,1.2897451454168367
9002,1,1,0.8981408882764677
9003,0,0,-0.7552650045452507
9004,1,1,0.7164667379283356
9005,0,1,0.5085711095386405
9006,1,1,0.1902963682804431
9007,1,1,0.09132031831482051
9008,1,1,0.8104725628336467
9009,0,1,0.3218272811785952
9010,0,1,1.006065705139096
9011,0,0,-0.6051735409736471
9012,1,1,1.2266742573878597
9013,0,1,0.6505068417373006
9014,0,1,0.16429624300553963
9015,1,1,1.2151229288539351
9016,0,1,0.5328493355984356
9017,0,0,-0.05212517713282827
9018,0,1,1.1165219129427946
9019,1,1,1.1642415280359675
9020,1,1,0.8538055923119809
9021,1,1,0.7232536520064823
9022,1,1,1.1164772580109557
9023,0,0,-1.507387902517977
9024,1,0,-0.8172711943716098
9025,0,1,0.924673589496694
9026,1,1,0.8829486816082863
9027,1,1,1.1102509258074875
9028,0,0,-0.42029811707299725
9029,1,1,0.575147303893619
9030,1,1,1.6867571089243922
9031,1,0,-0.2760604977576236
9032,0,0,-0.0027239307063746665
9033,1,1,0.7988777782590253
9034,1,1,0.5088418089400764
9035,1,1,1.142146949654319
9036,1,0,-0.5769455821241201
9037,0,0,-1.1431038488974263
9038,0,0,-0.6442357384442332
9039,1,1,1.080743501226747
9040,1,1,0.09745094005226212
9041,1,0,-0.3372743185347661
9042,0,0,-0.8883432603488103
9043,1,1,1.3001271122436608
9044,0,1,1.2992024882958002
9045,1,0,-0.06189652436017151
9046,0,0,-1.3045266813991656
9047,1,1,0.48360749273789233
9048,0,0,-0.6403946226791993
9049,1,0,-0.0954912391034945
9050,0,0,-0.599951724188827
9051,0,0,-0.4698629572673205
9052,1,1,0.3570689424917742
9053,1,1,0.5965040161314443
9054,0,0,-0.3900658708056635
9055,1,1,0.3627168891990005
9056,1,1,1.0680985372359066
9057,1,1,0.7380706959023042
9058,0,1,0.8285151198998444
9059,0,0,-1.2351586540359782
9060,0,0,-0.11928625811295257
9061,1,0,-1.0045128283924842
9062,1,1,0.0805337472496726
9063,0,1,1.0577685873683733
9064,1,0,-0.9359933815590482
9065,1,1,1.1023167618328529
9066,0,1,0.30017667058956427
9067,0,1,0.31620022400944486
9068,1,1,1.041123021609814
9069,0,1,1.1813829786344416
9070,1,1,1.1333589927657959
9071,1,1,1.2385885288182281
9072,0,0,-1.2482843929369158
9073,1,1,1.0213887800309038
9074,1,0,-0.24103625241198734
9075,1,0,-1.209722324020444
9076,1,0,-0.28442983634232977
9077,0,1,0.009514436858704789
9078,0,0,-0.42572139949870513
9079,1,1,0.6017230901012074
9080,0,0,-1.2135187609485703
9081,1,0,-0.3291210167236637
9082,0,1,0.1541571458149132
9083,0,0,-1.1351206974086228
9084,0,1,0.9829006973104213
9085,0,0,-0.9571637812731688
9086,1,0,-0.7292669749179981
9087,1,1,1.1447155250032806
9088,1,0,-0.34980033555315393
9089,0,0,-0.12550623842086828
9090,1,1,0.3444158838574311
9091,1,1,0.5266961781738695
9092,0,1,0.6245961983720838
9093,0,0,-2.350127609230205
9094,0,1,0.9931088011635241
9095,0,1,0.32287118692536415
9096,0,0,-0.7925555273342646
9097,0,0,-0.06491665677423297
9098,0,1,0.7168612042927605
9099,0,0,-1.171869358766697
9100,1,0,-0.706979679540575
9101,1,1,1.0008983368967064
9102,0,0,-0.5352341647275963
9103,1,0,-0.027112369310798468
9104,0,0,-1.5235266375937062
9105,1,0,-0.9867162584096334
9106,0,1,0.19013024632477155
9107,0,1,0.3093445262512989
9108,0,1,1.081897521320938
9109,0,1,0.9834399554221092
9110,1,0,-1.423824485714462
9111,1,1,0.39367688450039956
9112,1,1,1.0776251888007211
9113,0,1,0.22315461031826606
9114,0,1,0.20591013153963927
9115,0,0,-0.07721022240264191
9116,0,1,0.5920231626749946
9117,1,1,1.2904931376730844
9118,1,1,0.17756057255772179
9119,0,1,0.17809980895028793
9120,0,1,0.2201402527912832
9121,1,1,0.7823131645666241
9122,0,1,0.7712999975065495
9123,1,1,1.7149854400494933
9124,1,0,-1.1228968445595127
9125,0,1,0.3525444178092049
9126,0,1,1.1662871401379868
9127,1,0,-0.4690319364807555
9128,0,0,-0.9540545756575689
9129,1,1,0.5811081820402393
9130,0,0,-0.8686816382652414
9131,1,1,0.5798956940279323
9132,0,0,-0.026091212365578487
9133,0,1,0.8631931677960836
9134,1,0,-0.22676416325270765
9135,0,0,-0.6985189271111432
9136,0,1,0.5660392603635493
9137,0,0,-1.1485964385437475
9138,1,1,0.7977037977857897
9139,0,1,0.6809493478502082
9140,1,1,1.4524526299139202
9141,0,0,-0.4691245433123327
9142,0,1,0.3081985371937796
9143,0,1,0.8638914062800644
9144,0,0,-0.9610847687611734
9145,1,1,1.1340369304590872
9146,0,0,-0.3305837917222403
9147,1,1,0.7316243406533731
9148,0,0,-1.0378031011802558
9149,1,1,0.8638344278716552
9150,1,1,0.3516669452990728
9151,0,0,-1.1482014266436245
9152,1,1,1.0435364132265563
9153,0,1,0.14920249845956263
9154,1,1,1.0374327043156233
9155,0,0,-0.742323480058563
9156,0,0,-0.13849744368254796
9157,0,1,0.05875929978633593
9158,0,1,0.607597385664435
9159,0,0,-1.084568903658243
9160,0,0,-0.34491119787497104
9161,1,1,0.6973876447469349
9162,1,1,0.22444881267649713
9163,0,0,-0.8457883536181452
9164,0,0,-0.44061351858507714
9165,0,1,1.05732905326439
9166,1,0,-0.9206536335903459
9167,1,1,0.21732337101025728
9168,0,1,1.2839198927602087
9169,0,1,0.40600843211019716
9170,0,0,-0.5784237058091595
9171,0,0,-1.5835364316262068
9172,0,0,-1.0538521567295358
9173,1,1,1.2963574050474096
9174,1,1,0.10257158763836344
9175,0,0,-0.7494698012929079
9176,1,0,-0.20411728357301245
9177,0,1,0.9664502717997798
9178,0,1,1.0473241427095863
9179,0,0,-0.9569015733586783
9180,1,0,-1.0902401334229657
9181,1,1,0.712794014508431
9182,1,1,0.47683231987834257
9183,0,1,0.30873454366949665
9184,1,1,0.44884566392262065
9185,0,0,-1.4287009685344165
9186,0,0,-0.7325255958913416
9187,0,0,-1.06894169509379
9188,1,0,-0.17718372853117886
9189,0,0,-0.6076388519199423
9190,1,0,-0.9220426808434043
9191,1,1,1.3015763316354019
9192,0,0,-0.7356625744129509
9193,1,0,-0.0008751026467944123
9194,0,0,-0.953181107381589
9195,0,1,0.6318823641448659
9196,1,1,1.308435706237782
9197,0,0,-0.45031658636220007
9198,0,0,-1.1043648388593994
9199,1,1,1.3686151899368098
9200,0,0,-1.0045058362029538
9201,1,0,-0.7985658428696527
9202,1,1,0.3646211160390785
9203,1,1,0.8761353955515585
9204,0,0,-1.2451414277449993
9205,1,1,1.4068859854838003
9206,1,1,1.1584918979306864
9207,0,0,-0.37293039979817355
9208,1,1,0.4162716923471131
9209,1,1,0.9455091581547976
9210,0,1,0.37909845801813175
9211,1,1,1.0706077113756947
9212,0,0,-1.5622569813227187
9213,0,1,1.0080397143315223
9214,1,1,0.9541248452485747
9215,1,1,1.4403516621539219
9216,1,1,0.9954833576410551
9217,0,1,0.942723704503029
9218,0,1,0.6001224862931407
9219,0,1,0.0586990630729754
9220,1,0,-0.03910742635293707
9221,0,1,0.8754993390832804
9222,0,1,0.2500875479615608
9223,1,0,-0.08816286048596894
9224,1,1,0.12049334144929452
9225,0,1,0.9732209304083119
9226,1,1,1.3821624730808315
9227,0,1,1.2395551421751088
9228,1,0,-0.5624427727183297
9229,0,0,-0.5848712198605316
9230,0,1,0.7361245645687065
9231,0,0,-0.4375687908064482
9232,0,0,-0.5905124686491089
9233,0,1,0.8877528789692848
9234,0,0,-0.786597609627051
9235,0,0,-0.6830551855583317
9236,0,1,1.0195454265512718
9237,1,1,0.860669925720144
9238,1,1,0.1695664349177844
9239,0,0,-0.4763079297822048
9240,1,1,0.09081464608353335
9241,0,0,-1.4693913287739293
9242,1,0,-0.8674897665509136
9243,1,1,0.6899341306210316
9244,1,0,-0.5302884434833648
9245,0,0,-1.2161817216050201
9246,1,1,1.1757570967859723
9247,0,1,0.5107229230349204
9248,0,1,0.2315900323343259
9249,0,0,-0.810735244878523
9250,0,0,-0.16182281397693532
9251,1,1,0.6587715603197748
9252,1,1,0.8070520531915313
9253,0,1,0.9305846379536271
9254,1,0,-1.0861571413223796
9255,0,0,-0.0887534663292966
9256,1,0,-0.5799001538691064
9257,0,1,0.10714118528753241
9258,0,0,-0.13218078996794774
9259,0,1,0.265008866303343
9260,1,1,1.101386259281017
9261,1,1,1.2315160237224405
9262,0,1,0.6816536477578583
9263,0,0,-0.5337228079585363
9264,1,0,-0.6491269887487202
9265,1,0,-1.4760569821853782
9266,1,1,0.22553944884022786
9267,1,0,-0.9897755062923552
9268,1,1,0.8667470987671382
9269,1,0,-0.06884088806983307
9270,0,1,0.9879541465422275
9271,1,1,0.2818194924263366
9272,1,1,1.150013560759042
9273,0,1,0.07928011697515697
9274,1,1,0.7040057664128407
9275,0,0,-0.2461062051902904
9276,1,0,-0.8764675255258871
9277,0,1,0.77772121055136
9278,0,0,-1.2806035835856526
9279,1,1,0.6160454071903532
9280,1,1,0.7509949742325561
9281,1,0,-0.342207148760846
9282,0,0,-0.8223933484802479
9283,0,1,0.4227538451838638
9284,0,0,-0.25301017875640786
9285,1,0,-0.6950408553199493
9286,1,0,-0.1537306403253642
9287,1,1,0.7460942525443133
9288,1,1,0.07591563235252924
9289,0,1,1.14059901451378
9290,1,1,1.4846598782851435
9291,1,1,0.6564923619583083
9292,0,1,0.1253703096892516
9293,1,1,0.5723787006440639
9294,1,1,1.2732958177383549
9295,0,1,0.2511312551331168
9296,1,0,-0.2119502671444493
9297,0,1,0.7729630019145477
9298,1,0,-0.8175549836868843
9299,0,0,-1.8901183117325322
9300,0,0,-0.6043608120171782
9301,0,1,0.04107421644048809
9302,1,1,1.042703407491418
9303,0,1,0.8011813267936132
9304,0,0,-1.106087721057829
9305,1,1,0.9093545258977882
9306,0,0,-0.6693817145356303
9307,1,1,1.1208110653179189
9308,1,1,1.2077493041263174
9309,0,1,0.447234585175667
9310,0,0,-0.9437279794455784
9311,1,1,0.5177555960229918
9312,1,0,-1.175328056769912
9313,1,1,1.0939427242418889
9314,1,1,0.28721392144981245
9315,0,1,0.15368915861230653
9316,0,0,-1.521810836093983
9317,1,1,0.7741873841731997
9318,0,1,0.21469461616312652
9319,1,0,-0.05926161713416206
9320,1,1,0.2426687366518972
9321,1,1,0.6954432209799346
9322,0,1,0.7848903825774192
9323,0,0,-1.0350455352571928
9324,1,0,-0.3542950415938564
9325,1,1,0.9514580440110927
9326,1,1,1.2168674719562427
9327,0,0,-1.155278508278141
9328,1,0,-0.686095629662828
9329,1,0,-1.0968875120290038
9330,1,1,1.2663018797675905
9331,1,0,-0.27268576055307536
9332,1,1,1.220915418359812
9333,0,0,-0.8042350051109968
9334,1,0,-0.279746300727213
9335,1,1,0.07864283002102396
9336,0,0,-0.9063097351693847
9337,1,0,-0.7732772999906008
9338,1,0,-1.3631032519172515
9339,1,0,-1.0987170330563916
9340,1,0,-0.8038108962707202
9341,0,0,-0.019565040187715932
9342,1,0,-0.05477309668367103
9343,0,0,-1.195242290198683
9344,1,1,1.167367018497807
9345,0,1,0.3575626401398813
9346,1,0,-0.6289497575766592
9347,1,0,-1.06538541142529
9348,1,1,0.8291850471480371
9349,1,1,0.7784634188219133
9350,0,1,0.5100720209985234
9351,0,0,-1.0313771525887037
9352,1,0,-0.6442950901843222
9353,1,0,-1.272217208486693
9354,1,0,-0.7442890308458423
9355,0,0,-1.3166259708943069
9356,1,1,1.412172448706019
9357,1,1,1.1654072449088293
9358,1,1,0.16115465377344035
9359,1,1,0.9643418152026608
9360,0,0,-0.3972477091606186
9361,0,1,0.589844744284304
9362,0,1,0.9067986672551058
9363,0,1,0.48742320164046987
9364,0,1,0.2775962577780747
9365,0,0,-1.0632611254568893
9366,0,1,0.8115630883258966
9367,0,1,1.1676327062238607
9368,1,0,-0.8923853945334728
9369,0,0,-1.1431213078431175
9370,1,0,-0.48976552803171935
9371,1,0,-0.502975161556578
9372,1,0,-1.7081859037427414
9373,1,1,1.177949174961
9374,1,1,1.2397101763010143
9375,1,1,0.9180495119679617
9376,1,1,1.21147983555793
9377,0,0,-0.933448278446843
9378,1,1,1.0404572671994416
9379,1,1,0.8863618699454523
9380,1,1,1.4659837598729812
9381,1,1,0.873299053004017
9382,1,1,0.1354870057934044
9383,1,0,-0.1908905873271765
9384,0,0,-0.144201651083379
9385,1,1,1.0859283825220378
9386,0,0,-0.775470038107926
9387,1,0,-1.2147118345178471
9388,0,0,-0.15798043672215273
9389,0,0,-0.3196392592916625
9390,1,1,1.006545997441557
9391,0,0,-0.17190322186760276
9392,0,0,-1.199095754579645
9393,0,0,-1.163587943358378
9394,0,0,-2.0464729520655434
9395,0,1,0.5410590977089544
9396,0,0,-1.127864211890921
9397,0,1,1.017417390879013
9398,1,1,0.5448269239259991
9399,1,0,-0.6454074009820723
9400,1,0,-0.9076701992694219
9401,0,1,0.9278127878629561
9402,0,0,-1.1907144473273967
9403,0,0,-1.295584684403483
9404,0,0,-0.7584381111286902
9405,1,1,1.0570312785618377
9406,0,1,0.9750593121848767
9407,1,1,1.2401016124834452
9408,1,0,-0.10132586188548126
9409,1,1,0.10144623839823436
9410,0,0,-0.7994158874044883
9411,0,0,-1.184551642359398
9412,1,0,-0.1128566805830083
9413,0,1,0.6366608714309152
9414,1,1,1.17425648425304
9415,1,0,-1.094471321989276
9416,0,0,-0.16795023763099443
9417,1,1,0.6012842589943781
9418,0,1,0.4278063890135571
9419,0,0,-0.9096755973386172
9420,0,0,-0.766387677873041
9421,0,0,-0.13329807416854067
9422,1,0,-0.8397833527534793
9423,0,1,1.3136981273827821
9424,1,0,-0.9723977664245353
9425,0,1,0.6746098190835155
9426,1,1,0.7732070604303671
9427,1,0,-0.07907830137017374
9428,1,0,-0.5151028987066663
9429,0,1,0.5501465123927605
9430,0,0,-0.3241755573249797
9431,0,0,-0.6868916674533072
9432,0,1,0.05084425577846646
9433,0,0,-0.9464840575398751
9434,1,1,0.9697900736438796
9435,1,0,-0.5431447108287342
9436,1,0,-0.33476223455146686
9437,0,0,-0.3478584130290348
9438,0,1,0.7954215426982005
9439,0,0,-0.47422383426781256
9440,1,1,1.0906394364005527
9441,0,1,1.0068536333629412
9442,0,0,-1.3693982119188775
9443,0,1,0.2543104709823704
9444,1,0,-0.5251409731727728
9445,0,0,-2.0415905240447696
9446,1,1,1.2727087881524322
9447,0,1,0.2478188805896216
9448,0,0,-0.7167554999631112
9449,1,0,-0.7332041538448912
9450,1,0,-0.8933509465945333
9451,1,1,0.5116242429817173
9452,0,0,-1.217997399297578
9453,0,0,-1.6327868150634102
9454,0,1,1.2033897866935135
9455,1,1,1.0044557610808873
9456,0,0,-1.4482063268744523
9457,1,0,-0.27339858272467765
9458,1,0,-0.01685302844432862
9459,0,1,1.0617467187280645
9460,0,0,-0.708855584957406
9461,1,0,-0.4395694521510772
9462,0,0,-0.9848436945006032
9463,0,0,-1.070257028101383
9464,1,1,0.19173108868030647
9465,0,1,0.20773573822784935
9466,1,1,1.2299836959615718
9467,1,1,0.1036448314811132
9468,1,0,-0.7467745743492782
9469,1,1,1.2496110617010718
9470,0,1,0.6400161622143532
9471,1,1,0.7205471059820767
9472,0,0,-0.5732272744169585
9473,0,1,0.24370499905133253
9474,1,1,0.9468363660316013
9475,1,0,-1.095500354251445
9476,0,0,-1.4106934788956547
9477,0,1,1.1591543651650167
9478,1,1,1.1684354261539147
9479,1,1,0.8812176780035954
9480,0,1,0.7383984604322635
9481,0,1,0.6939216402829562
9482,1,1,0.12187120522449285
9483,1,1,0.3714508778872548
9484,1,0,-1.2512979781329923
9485,0,0,-0.7425729981941018
9486,0,1,1.1696760284635925
9487,1,0,-0.46787511155105904
9488,1,0,-1.2817238457605922
9489,1,1,0.011023611244404041
9490,1,1,0.4641607765687798
9491,1,0,-0.9053992238661325
9492,0,0,-0.8808406239272804
9493,1,1,1.2674968137049676
9494,1,1,0.5694083178287239
9495,0,0,-1.158379689901719
9496,0,1,0.9829347371817356
9497,0,1,0.5883612511340881
9498,0,0,-0.8573205268916345
9499,0,0,-1.7925792997863699
9500,0,0,-0.9790696812251303
9501,0,0,-0.44444775528630853
9502,1,1,1.4012787610626454
9503,1,1,1.1230042849996036
9504,0,0,-1.1659357420328107
9505,1,1,1.3700669552170879
9506,1,1,1.1894805013244962
9507,0,0,-0.8465868933648399
9508,0,0,-0.21041835757422928
9509,1,1,0.86628662649082
9510,0,0,-1.106565714392867
9511,1,1,1.0029405413035346
9512,0,0,-0.009131660971345268
9513,0,0,-0.7702286843533311
9514,1,1,0.8155971134297189
9515,1,1,0.12821538134689586
9516,1,0,-0.6564622758734628
9517,1,1,0.9287239472208331
9518,1,1,0.9632532528344186
9519,0,1,1.2278688574064904
9520,0,0,-0.7218682227919517
9521,1,0,-0.19366758895026565
9522,0,1,1.0709684738003225
9523,0,1,0.7509660914028906
9524,0,0,-0.784810429942197
9525,1,1,0.31495313690941334
9526,1,0,-0.9642613157150515
9527,1,0,-0.5510202598447149
9528,0,0,-0.03384391298787448
9529,1,1,1.0128482826704324
9530,1,1,0.27273951383879064
9531,1,1,1.2019292805769553
9532,1,0,-0.40191538211687416
9533,0,1,0.9370950587940823
9534,1,0,-0.06618581398939577
9535,1,1,0.8097416022879522
9536,1,0,-0.5105123168843614
9537,1,0,-0.4849421467821901
9538,0,0,-0.32320494774154296
9539,1,1,0.021275519114427766
9540,1,1,1.1608508501599977
9541,1,0,-0.028262165303151288
9542,1,1,0.22138496505814137
9543,1,0,-0.7489208077122589
9544,0,1,0.27951857956234544
9545,0,1,0.6711824104826327
9546,1,1,0.5470738568093292
9547,1,1,1.2356556984062372
9548,0,1,1.2764038550147605
9549,1,0,-0.6450801417419357
9550,1,1,1.3238920727942753
9551,0,0,-0.8473520751736601
9552,1,1,0.9409422015544606
9553,1,1,1.0374815309676197
9554,1,1,0.617533000904654
9555,0,1,0.8015166213731004
9556,0,1,1.0865434258513764
9557,0,0,-0.680728444246298
9558,0,1,0.7757781339565601
9559,1,1,1.3329833848942565
9560,1,1,1.1823066060025145
9561,0,0,-0.09666714295427103
9562,0,0,-1.1724733679084725
9563,1,1,1.1944390924387476
9564,1,1,1.1747615278121806
9565,0,1,0.7936711343857152
9566,0,0,-1.0808609092493888
9567,1,0,-0.02237351082270872
9568,0,0,-0.3955627198369962
9569,0,1,1.0398963019525322
9570,1,0,-0.19189488200561466
9571,1,0,-0.6684224752166485
9572,0,0,-0.18492428931489702
9573,1,0,-0.18546250164449485
9574,0,0,-0.16670806499164648
9575,0,0,-0.26089569319160966
9576,1,1,0.4913429021131431
9577,1,0,-0.8551283555207324
9578,1,1,0.9378357570971632
9579,1,1,1.2764883112383696
9580,1,1,0.6075242390761773
9581,1,1,0.31799437318429585
9582,0,1,0.8908332745096947
9583,1,0,-1.083069110266804
9584,1,0,-0.03346853836816488
9585,1,1,0.9453491340495206
9586,1,1,0.8891930404699777
9587,0,0,-1.049565764364001
9588,0,0,-1.5788037348200243
9589,1,1,1.127339270961322
9590,1,0,-1.175820937620519
9591,1,1,1.1335034436056244
9592,0,0,-0.26903754711568384
9593,0,0,-0.5467322329055309
9594,0,0,-0.4092254995175372
9595,0,0,-0.14764142156878574
9596,0,0,-0.5341905421962738
9597,0,0,-0.31446784137067785
9598,1,0,-0.09168041310562391
9599,0,1,0.9943888974701078
9600,0,1,0.00305267962167316
9601,0,0,-0.6127486946037978
9602,1,1,0.9531707143645178
9603,0,0,-0.6117377908373403
9604,0,1,0.16979187759701048
9605,0,0,-1.0083223303947164
9606,1,1,1.3398805296205452
9607,0,0,-0.21307399930749016
9608,0,1,0.48986675891814097
9609,1,1,0.7499666262294802
9610,0,0,-0.31382265840023993
9611,0,0,-0.6517306261046756
9612,1,1,1.0787425305559284
9613,1,1,1.4167183123199993
9614,0,0,-0.6068023936653923
9615,1,0,-1.2860754889659174
9616,0,0,-0.8081186683319899
9617,1,1,1.0480117601823822
9618,1,1,0.1766017193592791
9619,0,0,-1.0929890891296659
9620,0,0,-1.2355202690744647
9621,0,1,0.09916151559597469
9622,0,0,-0.3726688357243192
9623,1,0,-1.0890479700511508
9624,0,0,-0.07786000534631277
9625,1,1,0.693110913675802
9626,1,0,-0.8852452903627419
9627,1,0,-1.7742955470032271
9628,0,0,-0.27634773912368893
9629,0,0,-1.2003659397294482
9630,0,0,-0.6950315525135209
9631,0,0,-1.380575785856511
9632,0,0,-1.4751914278893599
9633,0,1,0.33191248316892347
9634,1,1,1.1167561395880474
9635,0,0,-0.7966822165527947
9636,0,1,0.8512173371750553
9637,1,1,1.1510719975816561
9638,1,1,0.1818230875972962
9639,0,0,-0.5823502591347189
9640,0,1,0.2988746122061517
9641,0,0,-0.07054920667062553
9642,0,0,-0.8540306065558532
9643,1,1,0.8400595742576944
9644,1,1,0.6705255603472526
9645,0,1,0.904523598916668
9646,1,0,-0.8842187988018059
9647,0,0,-0.4532885806141273
9648,0,1,0.19341437890429541
9649,1,1,1.0160572560903542
9650,1,1,0.5232465748058439
9651,1,1,0.8228371285946983
9652,0,0,-1.3475484755022757
9653,0,0,-1.322956102462169
9654,1,0,-0.9815807252649038
9655,1,0,-0.1541610472364774
9656,1,0,-0.6442949910369302
9657,1,1,0.479324999805313
9658,0,0,-0.2126489007398657
9659,1,1,1.046717220007865
9660,1,1,0.2560418694321093
9661,1,1,0.06352596888243195
9662,0,1,1.0683726542031131
9663,1,1,0.854087952724615
9664,1,0,-0.36942469854410065
9665,1,1,0.6381020480630921
9666,1,1,0.9625765506292849
9667,1,1,0.02256780574128181
9668,0,0,-0.32420486142300187
9669,1,0,-1.4212876821520903
9670,1,0,-0.07757740191322754
9671,1,0,-0.09442285654046234
9672,0,1,0.14525663809454598
9673,0,0,-1.5797481683989296
9674,1,1,1.199236211180136
9675,1,1,0.9802192441768551
9676,1,1,0.593222410539898
9677,0,0,-0.13690418013543698
9678,0,0,-1.5344261448542988
9679,1,0,-0.5727636566932637
9680,0,0,-0.9497980488467124
9681,0,1,0.3708342953733697
9682,1,0,-0.49357270151218197
9683,1,0,-0.28681465701426656
9684,1,1,1.475100006869132
9685,1,1,0.9788722420846308
9686,1,1,1.0509412511312404
9687,1,1,0.5510063409480277
9688,1,1,0.8566817545484808
9689,0,0,-0.2966260237092639
9690,1,1,0.7121210643594695
9691,1,1,0.37701896101628746
9692,0,0,-0.6348262817980843
9693,0,0,-0.8504670322526588
9694,0,1,0.8299804844947878
9695,0,1,0.24181938114884455
9696,0,1,0.3823512791563209
9697,1,1,0.6440476647122853
9698,0,0,-0.8441142020839825
9699,0,1,1.0720127822005687
9700,0,0,-0.3180934839790738
9701,1,1,1.00067824752177
9702,1,1,0.2851982030220252
9703,0,0,-0.36374094889930353
9704,1,1,1.0688393978321145
9705,0,0,-0.8796003479143732
9706,0,0,-1.4045655427466284
9707,0,0,-0.6038850897267692
9708,1,0,-1.0544549592208943
9709,0,0,-0.6890024086452597
9710,1,0,-0.22153727876840024
9711,1,0,-0.9805250495635243
9712,1,1,0.9733229925717788
9713,1,1,0.12233027038184457
9714,0,0,-0.039741444773603585
9715,1,1,0.5264894195528536
9716,0,0,-1.9583158112109686
9717,1,1,1.1030400117277368
9718,0,1,0.5277623622969718
9719,0,0,-0.025214057989669858
9720,1,1,1.1425620274244133
9721,1,1,1.1855162270679203
9722,1,0,-0.3051713985239609
9723,0,1,0.21368967747012585
9724,0,1,0.3163934803378062
9725,1,0,-0.99771816713381
9726,1,1,1.1109269366864496
9727,0,1,0.3781988234524272
9728,1,1,1.0862877760324139
9729,1,0,-0.4796861349819627
9730,0,0,-0.8645263317711538
9731,1,1,1.0030552754516084
9732,1,0,-1.242345877824125
9733,0,0,-0.6027982138215302
9734,1,0,-1.489464768336174
9735,1,1,1.1213381010788552
9736,0,0,-0.15889343623510632
9737,1,1,0.607595134088214
9738,1,0,-0.8754814803345261
9739,1,1,1.0711999894472664
9740,0,1,0.28617429273322476
9741,0,0,-0.060336266053123866
9742,1,0,-0.7136409455666836
9743,1,1,1.158265140727321
9744,1,0,-0.6160408240288384
9745,1,1,0.8688024621384889
9746,0,0,-1.1174799710540257
9747,0,1,0.5763426839182306
9748,1,1,0.0668639513010621
9749,1,0,-0.5970115913926832
9750,1,0,-0.006276960727865932
9751,0,0,-0.9103452525230042
9752,1,1,1.1451550832089712
9753,0,1,1.1717131348630287
9754,1,0,-0.8906638985464008
9755,0,1,0.4784891789430486
9756,0,0,-0.36045425492614636
9757,1,0,-0.33538247610337407
9758,1,1,1.4192478655360588
9759,0,0,-1.3549704144582309
9760,0,1,0.6745685835931006
9761,1,0,-0.3062078313876599
9762,1,0,-1.1285512296145577
9763,1,1,1.1182429619841987
9764,0,1,0.08620939636095354
9765,0,0,-0.5033928881603185
9766,1,1,0.8596152706816889
9767,1,0,-0.16214162078500566
9768,1,1,1.3040686480404573
9769,0,1,1.0783343401423124
9770,0,1,1.0068473810713852
9771,0,1,0.18177820620256385
9772,0,1,0.8069042071617114
9773,0,1,0.06430806130971639
9774,1,0,-0.3286592510149802
9775,0,1,0.7435098562067153
9776,0,1,0.050268003349795365
9777,1,1,1.103317867598724
9778,1,1,1.176006319414271
9779,0,0,-0.6734200760128782
9780,1,1,0.8889191617223222
9781,0,0,-0.9535853680798028
9782,0,0,-1.0343088852058115
9783,1,1,0.9197723494040657
9784,1,1,1.123376997631427
9785,0,0,-0.5658356947874579
9786,1,1,1.0240788667948935
9787,0,0,-0.9835495131090939
9788,1,1,1.1513273359019507
9789,0,0,-0.8472130279708051
9790,0,0,-1.9184921819928773
9791,0,1,0.8415184887708793
9792,1,1,0.7293542067441299
9793,1,1,0.4945519208747911
9794,0,0,-0.46806781928581737
9795,1,1,0.9645137965205077
9796,0,1,0.9695993163993566
9797,0,0,-1.1734718945543707
9798,0,0,-0.2758022745101677
9799,0,1,0.2086093187761447
9800,1,0,-0.8240638952973123
9801,0,0,-1.3022849976859006
9802,0,0,-0.9027609895120201
9803,1,1,0.3050871909672285
9804,0,0,-0.10735048814113651
9805,1,1,0.33455006749216837
9806,0,0,-1.0977993486401665
9807,1,1,1.0618874335810982
9808,1,0,-0.5919123694770403
9809,0,0,-0.9844858195616739
9810,1,1,0.8323514409754071
9811,1,1,0.7144314077092973
9812,0,0,-1.2565292316917949
9813,1,1,0.9451761138811163
9814,0,1,0.22153254074868217
9815,1,1,0.9626688773914209
9816,1,1,0.9600028862123724
9817,0,0,-1.048583278675328
9818,1,1,1.2754190406323458
9819,1,0,-1.5138666439584885
9820,0,1,0.6057199215065636
9821,1,1,0.2929791014746837
9822,1,1,1.2012229597790924
